[
  {
    "value": "father\u0027s contact number",
    "synonyms": [
      "father\u0027s contact number",
      "dad\u0027s contact number",
      "dad\u0027s number",
      "father\u0027s number"
    ]
  },
  {
    "value": "mother\u0027s contact number",
    "synonyms": [
      "mother\u0027s contact number",
      "mother\u0027s number",
      "mom\u0027s contact number",
      "mom\u0027s number"
    ]
  },
  {
    "value": "husband\u0027s contact number",
    "synonyms": [
      "husband\u0027s contact number",
      "husband\u0027s number",
      "husband\u0027s phone"
    ]
  },
  {
    "value": "husband\u0027s email address",
    "synonyms": [
      "husband\u0027 s email address",
      "husband\u0027 s mail address",
      "husband\u0027 s mail ID",
      "husband\u0027s email ID"
    ]
  },
  {
    "value": "my contact number",
    "synonyms": [
      "my contact number",
      "my number",
      "my contact",
      "my phone",
      "my mobile number"
    ]
  },
  {
    "value": "wife\u0027s email address",
    "synonyms": [
      "wife\u0027 s email address",
      "partner\u0027s mail address",
      "partner\u0027s email address",
      "wife\u0027s mail address",
      "wife email address",
      "wife mail address",
      "wife email ID",
      "wife\u0027s email ID",
      "wife mail ID"
    ]
  },
  {
    "value": "wife\u0027s contact number",
    "synonyms": [
      "wife\u0027s contact number",
      "partner\u0027s contact number",
      "wife\u0027s number",
      "partner\u0027s number",
      "better half\u0027s number",
      "better half\u0027s contact number"
    ]
  }
]