[
  {
    "value": "@sys.phone-number:contact_number",
    "synonyms": [
      "@sys.phone-number:contact_number"
    ]
  },
  {
    "value": "father\u0027s contact number",
    "synonyms": [
      "father\u0027s contact number"
    ]
  },
  {
    "value": "contact number",
    "synonyms": [
      "contact number"
    ]
  },
  {
    "value": "my contact number",
    "synonyms": [
      "my contact number"
    ]
  },
  {
    "value": "@sys.email:email_id",
    "synonyms": [
      "@sys.email:email_id"
    ]
  },
  {
    "value": "email id",
    "synonyms": [
      "email id"
    ]
  },
  {
    "value": "mother\u0027s contact number",
    "synonyms": [
      "mother\u0027s contact number"
    ]
  },
  {
    "value": "wife\u0027s email address",
    "synonyms": [
      "wife\u0027s email address"
    ]
  },
  {
    "value": "wife\u0027s contact number",
    "synonyms": [
      "wife\u0027s contact number"
    ]
  },
  {
    "value": "@Individual_contact:personal_contact",
    "synonyms": [
      "@Individual_contact:personal_contact"
    ]
  }
]