[
  {
    "id": "67dd7a41-d66d-4bbf-95f3-d2b933d0ea3c",
    "data": [
      {
        "text": "can you get me a new passcode",
        "userDefined": false
      }
    ],
    "isTemplate": false,
    "count": 0
  },
  {
    "id": "17705f5b-9dee-41c1-992f-8eae5d3f816e",
    "data": [
      {
        "text": "i got some issue with my passcode, can you get me a new ",
        "userDefined": false
      },
      {
        "text": "one",
        "meta": "@sys.ignore",
        "userDefined": false
      },
      {
        "text": "?",
        "userDefined": false
      }
    ],
    "isTemplate": false,
    "count": 0
  },
  {
    "id": "daaa4f86-74a0-464d-a2d7-b5422a6ca50c",
    "data": [
      {
        "text": "i would be great if you help me setting up my new passcode",
        "userDefined": false
      }
    ],
    "isTemplate": false,
    "count": 0
  },
  {
    "id": "e065ecc3-db89-4c12-9dc1-fcce7ce7f321",
    "data": [
      {
        "text": "can you get me a new passcode?",
        "userDefined": false
      }
    ],
    "isTemplate": false,
    "count": 0
  },
  {
    "id": "08607750-dca9-4b6a-bf73-ec42471f4875",
    "data": [
      {
        "text": "oops!, i think i forgot my passcode",
        "userDefined": false
      }
    ],
    "isTemplate": false,
    "count": 0
  },
  {
    "id": "98c2f2e9-c193-4fc5-8680-876108e3d9d4",
    "data": [
      {
        "text": "okay, can you set me a new passcode",
        "userDefined": false
      }
    ],
    "isTemplate": false,
    "count": 0
  },
  {
    "id": "0fa45bc9-746c-4dfb-a46d-1de7c13e26c7",
    "data": [
      {
        "text": "i forgot my passcode",
        "userDefined": false
      }
    ],
    "isTemplate": false,
    "count": 0
  },
  {
    "id": "26a79bf7-d226-4d61-a988-d8b201254abc",
    "data": [
      {
        "text": "yes, can you get me a new passcode",
        "userDefined": false
      }
    ],
    "isTemplate": false,
    "count": 0
  },
  {
    "id": "23e89ccb-a723-4a61-81aa-e28510ddb8ad",
    "data": [
      {
        "text": "forgot the passcode",
        "userDefined": false
      }
    ],
    "isTemplate": false,
    "count": 0
  },
  {
    "id": "d40e6da2-41a4-47d1-a35d-43fd93b1b8fc",
    "data": [
      {
        "text": "i wanted to request for a new passcode",
        "userDefined": false
      }
    ],
    "isTemplate": false,
    "count": 0
  },
  {
    "id": "e070b59a-4928-44b3-8c06-ae8f69c6c2c9",
    "data": [
      {
        "text": "i think i have forgotten my passcode",
        "userDefined": false
      }
    ],
    "isTemplate": false,
    "count": 0
  },
  {
    "id": "7c3ea1ed-497e-4df4-987b-0ff3d3b260dd",
    "data": [
      {
        "text": "can you set me a new passcode",
        "userDefined": false
      }
    ],
    "isTemplate": false,
    "count": 0
  },
  {
    "id": "2c2a45c3-de78-40a3-a7a6-78411aaeadce",
    "data": [
      {
        "text": "change my old passcode",
        "userDefined": false
      }
    ],
    "isTemplate": false,
    "count": 0
  },
  {
    "id": "a27d8731-1850-492d-b894-cccdeda9e851",
    "data": [
      {
        "text": "i can\u0027t remember my passcode",
        "userDefined": false
      }
    ],
    "isTemplate": false,
    "count": 0
  },
  {
    "id": "fdbadf2e-2d84-4bf7-9bcc-3de512b0080a",
    "data": [
      {
        "text": "wanted to request for a new passcode",
        "userDefined": false
      }
    ],
    "isTemplate": false,
    "count": 0
  },
  {
    "id": "f5b150f9-73a1-45fe-b57f-2c78cdcdb09a",
    "data": [
      {
        "text": "sure, can you change my passcode?",
        "userDefined": false
      }
    ],
    "isTemplate": false,
    "count": 0
  },
  {
    "id": "74368ca8-19c4-4433-817e-c6e29a593fb8",
    "data": [
      {
        "text": "yes, i wanted to request for a new passcode",
        "userDefined": false
      }
    ],
    "isTemplate": false,
    "count": 0
  },
  {
    "id": "e2ff48b1-f7f1-4908-9060-ef5856280e91",
    "data": [
      {
        "text": "i forgot my passcode, can i get a new ",
        "userDefined": false
      },
      {
        "text": "one",
        "meta": "@sys.ignore",
        "userDefined": false
      }
    ],
    "isTemplate": false,
    "count": 0
  },
  {
    "id": "faf4d941-6a6e-4330-accf-95f4e783648f",
    "data": [
      {
        "text": "i think i forgot my passcode",
        "userDefined": false
      }
    ],
    "isTemplate": false,
    "count": 0
  },
  {
    "id": "33d9e18d-4bf5-4ed9-846f-d7e36c3161e5",
    "data": [
      {
        "text": "can you set a new passcode for me",
        "userDefined": false
      }
    ],
    "isTemplate": false,
    "count": 0
  },
  {
    "id": "6e5c4227-09c2-41ac-9ec7-3d835d2ac7b2",
    "data": [
      {
        "text": "can you help me getting me a new passcode?",
        "userDefined": false
      }
    ],
    "isTemplate": false,
    "count": 0
  },
  {
    "id": "445ec665-f6b5-4f0c-a55e-fa7aac60cf1a",
    "data": [
      {
        "text": "i want to get a new passcode",
        "userDefined": false
      }
    ],
    "isTemplate": false,
    "count": 0
  },
  {
    "id": "7227dfa7-da51-47f8-bf0d-dfdf3ae25a07",
    "data": [
      {
        "text": "request you for a new passcode",
        "userDefined": false
      }
    ],
    "isTemplate": false,
    "count": 0
  },
  {
    "id": "2413cfda-b5e0-4713-943c-2ae5e49ea581",
    "data": [
      {
        "text": "i don\u0027t remember my passcode",
        "userDefined": false
      }
    ],
    "isTemplate": false,
    "count": 0
  }
]