[
  {
    "id": "de29c634-8610-4c37-81f4-3e804997506b",
    "data": [
      {
        "text": "what can your app do?",
        "userDefined": false
      }
    ],
    "isTemplate": false,
    "count": 0
  },
  {
    "id": "6259a83f-9fa2-4a51-9f9c-d29c1722f358",
    "data": [
      {
        "text": "what does your app do?",
        "userDefined": false
      }
    ],
    "isTemplate": false,
    "count": 0
  },
  {
    "id": "50d2fef2-81b5-4664-a01f-a9e98280d41a",
    "data": [
      {
        "text": "please tell me, how can you help me?",
        "userDefined": false
      }
    ],
    "isTemplate": false,
    "count": 1
  },
  {
    "id": "4da952a1-b921-4bb7-be42-715f3f427e6b",
    "data": [
      {
        "text": "what can you do?",
        "userDefined": false
      }
    ],
    "isTemplate": false,
    "count": 0
  },
  {
    "id": "0ba2b4a0-840f-44c8-8e3c-f635c613bddb",
    "data": [
      {
        "text": "what function can you perform for me?",
        "userDefined": false
      }
    ],
    "isTemplate": false,
    "count": 0
  },
  {
    "id": "47a104d9-34e9-413c-ac6f-984908d26b44",
    "data": [
      {
        "text": "tell me, what can you do for me?",
        "userDefined": false
      }
    ],
    "isTemplate": false,
    "count": 0
  },
  {
    "id": "751a4050-d0dc-47e5-9bcb-5f9003668f78",
    "data": [
      {
        "text": "what do you offer?",
        "userDefined": false
      }
    ],
    "isTemplate": false,
    "count": 0
  },
  {
    "id": "af60d2e5-0aa5-4e0b-be4a-7fa1d79cbaee",
    "data": [
      {
        "text": "what features are you offering?",
        "userDefined": false
      }
    ],
    "isTemplate": false,
    "count": 0
  },
  {
    "id": "814bd5c7-7ded-402a-8efd-5c94946bd633",
    "data": [
      {
        "text": "what are things you can do?",
        "userDefined": false
      }
    ],
    "isTemplate": false,
    "count": 0
  },
  {
    "id": "816743e3-1e4a-4d8b-9e87-b76e42f1744a",
    "data": [
      {
        "text": "what are you offering me?",
        "userDefined": false
      }
    ],
    "isTemplate": false,
    "count": 0
  },
  {
    "id": "f4af76ca-33c1-4592-aa47-c6b2afb7321d",
    "data": [
      {
        "text": "how can you assist me?",
        "userDefined": false
      }
    ],
    "isTemplate": false,
    "count": 0
  },
  {
    "id": "32ab207f-a450-42fd-8c21-d2a78eb2567e",
    "data": [
      {
        "text": "what are you offering ?",
        "userDefined": false
      }
    ],
    "isTemplate": false,
    "count": 0
  },
  {
    "id": "c1c521f6-9d4f-4863-b2c1-ceefad6342ae",
    "data": [
      {
        "text": "what can you do for me?",
        "userDefined": false
      }
    ],
    "isTemplate": false,
    "count": 0
  },
  {
    "id": "4d6a843a-def0-47f2-ab55-86ec11f8ba11",
    "data": [
      {
        "text": "tell me the list of features you can perform?",
        "userDefined": false
      }
    ],
    "isTemplate": false,
    "count": 0
  },
  {
    "id": "7798b0de-1923-4261-95e1-a66bf5bc9379",
    "data": [
      {
        "text": "what thing can you do?",
        "userDefined": false
      }
    ],
    "isTemplate": false,
    "count": 0
  },
  {
    "id": "d10895d0-29f4-40e3-8697-3f55b93ac9e2",
    "data": [
      {
        "text": "tell me what do you offer?",
        "userDefined": false
      }
    ],
    "isTemplate": false,
    "count": 0
  },
  {
    "id": "b9a79c71-37b0-41e3-8abc-03ecd7d9bfab",
    "data": [
      {
        "text": "how can you help me?",
        "userDefined": false
      }
    ],
    "isTemplate": false,
    "count": 0
  },
  {
    "id": "e0078f29-b107-40e7-8e10-354ae2c91d95",
    "data": [
      {
        "text": "tell me list of features you perform",
        "userDefined": false
      }
    ],
    "isTemplate": false,
    "count": 0
  },
  {
    "id": "c6eb7112-8ea6-4fd3-b9ae-d13a81416327",
    "data": [
      {
        "text": "what all can you do for me?",
        "userDefined": false
      }
    ],
    "isTemplate": false,
    "count": 0
  },
  {
    "id": "b6b116cc-6aff-474d-8e1a-ee5cf2aea673",
    "data": [
      {
        "text": "what are the things you can do?",
        "userDefined": false
      }
    ],
    "isTemplate": false,
    "count": 0
  },
  {
    "id": "0cf3d477-19a8-4f3f-a901-99293410d76c",
    "data": [
      {
        "text": "what are your features?",
        "userDefined": false
      }
    ],
    "isTemplate": false,
    "count": 0
  },
  {
    "id": "dc002f3c-cfc9-4b67-9bab-5487e17788e0",
    "data": [
      {
        "text": "what all work can you perform?",
        "userDefined": false
      }
    ],
    "isTemplate": false,
    "count": 0
  }
]