[
  {
    "id": "e71b2743-e184-4f36-b739-e3b9965468b5",
    "data": [
      {
        "text": "can you lock a information for me",
        "userDefined": false
      }
    ],
    "isTemplate": false,
    "count": 0
  },
  {
    "id": "c5475fdf-97e6-47d9-a594-3bbdf6b76cd9",
    "data": [
      {
        "text": "jerry",
        "alias": "given-name",
        "meta": "@sys.given-name",
        "userDefined": false
      },
      {
        "text": ", please lock a information for me",
        "userDefined": false
      }
    ],
    "isTemplate": false,
    "count": 1
  },
  {
    "id": "50f58285-14a9-4a8d-a4c7-ecfdcd389e57",
    "data": [
      {
        "text": "yes, lock my information",
        "userDefined": false
      }
    ],
    "isTemplate": false,
    "count": 0
  },
  {
    "id": "2fa9539c-fdb9-412e-8a6b-5ff2a8b0b4f0",
    "data": [
      {
        "text": "yes, i want to lock my information",
        "userDefined": false
      }
    ],
    "isTemplate": false,
    "count": 0
  },
  {
    "id": "be99e366-a956-4dc2-aaad-aaee15c2c421",
    "data": [
      {
        "text": "please lock my informtiony",
        "userDefined": false
      }
    ],
    "isTemplate": false,
    "count": 0
  },
  {
    "id": "28760e44-df53-4b33-84cd-74fe1b5836f4",
    "data": [
      {
        "text": "please use ",
        "userDefined": false
      },
      {
        "text": "passcode",
        "alias": "passcode",
        "meta": "@sys.number",
        "userDefined": true
      },
      {
        "text": " to lock my application",
        "userDefined": false
      }
    ],
    "isTemplate": false,
    "count": 0
  },
  {
    "id": "dd9f994e-b097-4788-980f-6fd17a010bc0",
    "data": [
      {
        "text": "lock my information with ",
        "userDefined": false
      },
      {
        "text": "passcode",
        "alias": "passcode",
        "meta": "@sys.number",
        "userDefined": true
      }
    ],
    "isTemplate": false,
    "count": 0
  },
  {
    "id": "695a9d54-0185-411d-bdf8-1f927d697cc0",
    "data": [
      {
        "text": "please lock my app",
        "userDefined": false
      }
    ],
    "isTemplate": false,
    "count": 0
  },
  {
    "id": "e7f6a4dc-86c1-47fb-bea8-7a1eb177e13b",
    "data": [
      {
        "text": "lock a information for me please",
        "userDefined": false
      }
    ],
    "isTemplate": false,
    "count": 0
  },
  {
    "id": "79bade64-d57a-4297-afcf-ff572841f3cb",
    "data": [
      {
        "text": "can you lock my file please",
        "userDefined": false
      }
    ],
    "isTemplate": false,
    "count": 0
  },
  {
    "id": "60db7303-5088-4593-aef6-5ae536c9e933",
    "data": [
      {
        "text": "can you lock my information please",
        "userDefined": false
      }
    ],
    "isTemplate": false,
    "count": 0
  },
  {
    "id": "b8819db6-8d08-4ab0-896c-4917578159cc",
    "data": [
      {
        "text": "yes, i would like to lock my information",
        "userDefined": false
      }
    ],
    "isTemplate": false,
    "count": 0
  },
  {
    "id": "e6bc9e2d-ddce-47ec-8e60-eaadeffa9fb4",
    "data": [
      {
        "text": "i want to lock my app using ",
        "userDefined": false
      },
      {
        "text": "passcode",
        "alias": "passcode",
        "meta": "@sys.number",
        "userDefined": true
      }
    ],
    "isTemplate": false,
    "count": 0
  },
  {
    "id": "9c8b6435-e25f-4df2-8cc8-44d564481681",
    "data": [
      {
        "text": "please lock my information",
        "userDefined": false
      }
    ],
    "isTemplate": false,
    "count": 1
  },
  {
    "id": "3d7fb427-dd40-49f8-b612-cccb67d4c3a3",
    "data": [
      {
        "text": "i would like to lock my information",
        "userDefined": false
      }
    ],
    "isTemplate": false,
    "count": 1
  },
  {
    "id": "e0c1eaa0-6028-448f-8011-a0aab843a191",
    "data": [
      {
        "text": "lock my app using ",
        "userDefined": false
      },
      {
        "text": "passcode",
        "alias": "passcode",
        "meta": "@sys.number",
        "userDefined": true
      }
    ],
    "isTemplate": false,
    "count": 0
  },
  {
    "id": "70f632e3-7749-4616-909a-13b7de02824e",
    "data": [
      {
        "text": "i want to lock my information",
        "userDefined": false
      }
    ],
    "isTemplate": false,
    "count": 0
  },
  {
    "id": "4bb22a78-6605-45fa-aa5c-2419fa25b391",
    "data": [
      {
        "text": "can you please lock my app",
        "userDefined": false
      }
    ],
    "isTemplate": false,
    "count": 0
  },
  {
    "id": "3599e7b1-5de5-464c-9bd9-c618729aded8",
    "data": [
      {
        "text": "can you please lock my information",
        "userDefined": false
      }
    ],
    "isTemplate": false,
    "count": 0
  },
  {
    "id": "8648e0b5-aca9-4203-8209-4a092f10bb65",
    "data": [
      {
        "text": "lock my app with ",
        "userDefined": false
      },
      {
        "text": "passcode",
        "alias": "passcode",
        "meta": "@sys.number",
        "userDefined": true
      }
    ],
    "isTemplate": false,
    "count": 0
  },
  {
    "id": "7cde22c6-8710-49bf-a2f8-f10bac1ff436",
    "data": [
      {
        "text": "i want to lock my app",
        "userDefined": false
      }
    ],
    "isTemplate": false,
    "count": 0
  },
  {
    "id": "f13b948b-8880-40b3-9867-3af0fb202be8",
    "data": [
      {
        "text": "lock my information",
        "userDefined": false
      }
    ],
    "isTemplate": false,
    "count": 0
  }
]