[
  {
    "id": "446ba015-5bc2-42f8-a9c1-a1c8693d2e68",
    "data": [
      {
        "text": "get me a file",
        "userDefined": false
      }
    ],
    "isTemplate": false,
    "count": 1
  },
  {
    "id": "25506967-bcdb-46ec-ac3d-a49b4b812fe9",
    "data": [
      {
        "text": "retrieve a information",
        "userDefined": false
      }
    ],
    "isTemplate": false,
    "count": 0
  },
  {
    "id": "0f3662f1-645f-41f8-b76a-a41fb62edc9d",
    "data": [
      {
        "text": "get me ",
        "userDefined": false
      },
      {
        "text": "info_key",
        "alias": "info_key",
        "meta": "@sys.any",
        "userDefined": true
      },
      {
        "text": " to my ",
        "userDefined": false
      },
      {
        "text": "email ID",
        "meta": "@sys.ignore",
        "userDefined": false
      }
    ],
    "isTemplate": false,
    "count": 0
  },
  {
    "id": "ca9b384b-273f-40ee-a3aa-7acac3b4a0f4",
    "data": [
      {
        "text": "retrieve my ",
        "userDefined": false
      },
      {
        "text": "info_key",
        "alias": "info_key",
        "meta": "@sys.any",
        "userDefined": true
      }
    ],
    "isTemplate": false,
    "count": 0
  },
  {
    "id": "95f1f857-1153-4cca-b960-3e497c44bb51",
    "data": [
      {
        "text": "can you assist me in retrieving a ",
        "userDefined": false
      },
      {
        "text": "information named",
        "meta": "@sys.ignore",
        "userDefined": false
      },
      {
        "text": " ",
        "userDefined": false
      },
      {
        "text": "info_key",
        "alias": "info_key",
        "meta": "@sys.any",
        "userDefined": true
      }
    ],
    "isTemplate": false,
    "count": 0
  },
  {
    "id": "4dc8337c-6fd9-472d-9165-b69b13c7cb55",
    "data": [
      {
        "text": "can you get me a file?",
        "userDefined": false
      }
    ],
    "isTemplate": false,
    "count": 0
  },
  {
    "id": "a22bcc80-1b9f-420c-a0ef-32029eed58aa",
    "data": [
      {
        "text": "please retrieve my ",
        "userDefined": false
      },
      {
        "text": "info_key",
        "alias": "info_key",
        "meta": "@sys.any",
        "userDefined": true
      },
      {
        "text": " please",
        "userDefined": false
      }
    ],
    "isTemplate": false,
    "count": 0
  },
  {
    "id": "a9caf299-c764-49b5-9075-cc15d1fa3282",
    "data": [
      {
        "text": "let me retrieve a information",
        "userDefined": false
      }
    ],
    "isTemplate": false,
    "count": 0
  },
  {
    "id": "b8699a55-bf22-4395-9076-89aa5458f889",
    "data": [
      {
        "text": "jerry",
        "alias": "given-name",
        "meta": "@sys.given-name",
        "userDefined": false
      },
      {
        "text": " can you get me my ",
        "userDefined": false
      },
      {
        "text": "info_key",
        "alias": "info_key",
        "meta": "@sys.any",
        "userDefined": true
      }
    ],
    "isTemplate": false,
    "count": 0
  },
  {
    "id": "f3c425ad-09fb-40f8-92d3-2bd617311a1b",
    "data": [
      {
        "text": "get me ",
        "userDefined": false
      },
      {
        "text": "info_key",
        "alias": "info_key",
        "meta": "@sys.any",
        "userDefined": true
      }
    ],
    "isTemplate": false,
    "count": 0
  },
  {
    "id": "a546bdce-933a-45a2-bd87-d45462b9c18a",
    "data": [
      {
        "text": "assist me in getting information about my ",
        "userDefined": false
      },
      {
        "text": "info_key",
        "alias": "info_key",
        "meta": "@sys.any",
        "userDefined": true
      }
    ],
    "isTemplate": false,
    "count": 0
  },
  {
    "id": "fb401420-239d-490a-b730-807bb376c84a",
    "data": [
      {
        "text": "get my ",
        "userDefined": false
      },
      {
        "text": "info_key",
        "alias": "info_key",
        "meta": "@sys.any",
        "userDefined": true
      }
    ],
    "isTemplate": false,
    "count": 0
  },
  {
    "id": "4debe3f1-72b2-4ea2-9709-8c95cffdb28c",
    "data": [
      {
        "text": "i want to see my information",
        "userDefined": false
      }
    ],
    "isTemplate": false,
    "count": 0
  },
  {
    "id": "0d2db2c5-5f4c-4627-83d0-ad8e4193684b",
    "data": [
      {
        "text": "how about retrieving a file named ",
        "userDefined": false
      },
      {
        "text": "info_key",
        "alias": "info_key",
        "meta": "@sys.any",
        "userDefined": true
      }
    ],
    "isTemplate": false,
    "count": 0
  },
  {
    "id": "bbc25ae1-c673-49c7-a271-5e57f60f1fd2",
    "data": [
      {
        "text": "jerry can you voice out my ",
        "userDefined": false
      },
      {
        "text": "info_key",
        "alias": "info_key",
        "meta": "@sys.any",
        "userDefined": true
      },
      {
        "text": " number",
        "userDefined": false
      }
    ],
    "isTemplate": false,
    "count": 0
  },
  {
    "id": "2a775580-2fe4-4ee2-a7fc-bb439f8e6a94",
    "data": [
      {
        "text": "can you get my ",
        "userDefined": false
      },
      {
        "text": "info_key",
        "alias": "info_key",
        "meta": "@sys.any",
        "userDefined": true
      },
      {
        "text": " jerry?",
        "userDefined": false
      }
    ],
    "isTemplate": false,
    "count": 0
  },
  {
    "id": "4bc7d0a9-4cdd-44fa-9053-fea34c46580c",
    "data": [
      {
        "text": "tell me my ",
        "userDefined": false
      },
      {
        "text": "info_key",
        "alias": "info_key",
        "meta": "@sys.any",
        "userDefined": true
      }
    ],
    "isTemplate": false,
    "count": 0
  },
  {
    "id": "77719c0f-2b20-4860-968c-091042e2f399",
    "data": [
      {
        "text": "can i access my information",
        "userDefined": false
      }
    ],
    "isTemplate": false,
    "count": 0
  },
  {
    "id": "8956f573-28ee-40dd-8afa-8857103ff603",
    "data": [
      {
        "text": "i want to retrieve a information named ",
        "userDefined": false
      },
      {
        "text": "info_key",
        "alias": "info_key",
        "meta": "@sys.any",
        "userDefined": true
      }
    ],
    "isTemplate": false,
    "count": 0
  },
  {
    "id": "593a6792-e534-46ae-bd12-b6c684f360e3",
    "data": [
      {
        "text": "get a information",
        "userDefined": false
      }
    ],
    "isTemplate": false,
    "count": 0
  },
  {
    "id": "d82568c1-d797-4615-bfa9-744c6fc636ae",
    "data": [
      {
        "text": "okay, can you retrieve a  ",
        "userDefined": false
      },
      {
        "text": "information for",
        "meta": "@sys.ignore",
        "userDefined": false
      },
      {
        "text": " me?",
        "userDefined": false
      }
    ],
    "isTemplate": false,
    "count": 1
  },
  {
    "id": "30d06f0e-6695-4c7e-aa79-9ab1e628cc4d",
    "data": [
      {
        "text": "get me my information please",
        "userDefined": false
      }
    ],
    "isTemplate": false,
    "count": 0
  },
  {
    "id": "3e140137-6a9b-4ef2-9dc8-59a737c5f7af",
    "data": [
      {
        "text": "jerry",
        "alias": "given-name",
        "meta": "@sys.given-name",
        "userDefined": false
      },
      {
        "text": " can u get my ",
        "userDefined": false
      },
      {
        "text": "info_key",
        "alias": "info_key",
        "meta": "@sys.any",
        "userDefined": true
      },
      {
        "text": " please",
        "userDefined": false
      }
    ],
    "isTemplate": false,
    "count": 0
  },
  {
    "id": "c787453c-44ca-46fa-b4a4-433af5ce3ed3",
    "data": [
      {
        "text": "please get me my  ",
        "userDefined": false
      },
      {
        "text": "info_key",
        "alias": "info_key",
        "meta": "@sys.any",
        "userDefined": true
      }
    ],
    "isTemplate": false,
    "count": 0
  },
  {
    "id": "45836619-fc47-4195-b1ec-6d6f2ff40413",
    "data": [
      {
        "text": "can you please retrieve my ",
        "userDefined": false
      },
      {
        "text": "info_key",
        "alias": "info_key",
        "meta": "@sys.any",
        "userDefined": true
      }
    ],
    "isTemplate": false,
    "count": 0
  },
  {
    "id": "e7d46382-8666-45d4-bdf5-5a1bc50c8e8e",
    "data": [
      {
        "text": "i wanted to see a information",
        "userDefined": false
      }
    ],
    "isTemplate": false,
    "count": 0
  },
  {
    "id": "b0904e07-eee5-4678-bc1c-c00df9f8890e",
    "data": [
      {
        "text": "yes, i want to retrieve a file",
        "userDefined": false
      }
    ],
    "isTemplate": false,
    "count": 0
  },
  {
    "id": "bca0a93b-1e14-4433-94b3-9d8a76dccee2",
    "data": [
      {
        "text": "info_key",
        "alias": "info_key",
        "meta": "@sys.any",
        "userDefined": true
      },
      {
        "text": " to my email id",
        "userDefined": false
      }
    ],
    "isTemplate": false,
    "count": 0
  },
  {
    "id": "19590154-2b91-470f-9dea-04355875a2d5",
    "data": [
      {
        "text": "okay, i want to get a file named ",
        "userDefined": false
      },
      {
        "text": "info_key",
        "alias": "info_key",
        "meta": "@sys.any",
        "userDefined": true
      }
    ],
    "isTemplate": false,
    "count": 0
  },
  {
    "id": "9c2b7a88-fcca-436b-b12e-102e68030aa0",
    "data": [
      {
        "text": "can i get a information please",
        "userDefined": false
      }
    ],
    "isTemplate": false,
    "count": 0
  },
  {
    "id": "56c3b78f-1542-41fb-a411-2be84bebe190",
    "data": [
      {
        "text": "wanted to access a information named as ",
        "userDefined": false
      },
      {
        "text": "info_key",
        "alias": "info_key",
        "meta": "@sys.any",
        "userDefined": true
      }
    ],
    "isTemplate": false,
    "count": 0
  },
  {
    "id": "43548b45-5409-41fd-b35d-4d9382491740",
    "data": [
      {
        "text": "retrieve ",
        "userDefined": false
      },
      {
        "text": "info_key",
        "alias": "info_key",
        "meta": "@sys.any",
        "userDefined": true
      }
    ],
    "isTemplate": false,
    "count": 0
  },
  {
    "id": "b8accb51-3d79-49ba-a18a-92ed6814cbeb",
    "data": [
      {
        "text": "please get me my file named as ",
        "userDefined": false
      },
      {
        "text": "info_key",
        "alias": "info_key",
        "meta": "@sys.any",
        "userDefined": true
      }
    ],
    "isTemplate": false,
    "count": 1
  },
  {
    "id": "c51622bf-473d-459a-8111-3b5b787fd810",
    "data": [
      {
        "text": "please help me in retrieving a information named ",
        "userDefined": false
      },
      {
        "text": "info_key",
        "alias": "info_key",
        "meta": "@sys.any",
        "userDefined": true
      }
    ],
    "isTemplate": false,
    "count": 0
  },
  {
    "id": "b10f2849-7977-4334-8407-cf0c95133426",
    "data": [
      {
        "text": "yes, get my ",
        "userDefined": false
      },
      {
        "text": "info_key",
        "alias": "info_key",
        "meta": "@sys.any",
        "userDefined": true
      }
    ],
    "isTemplate": false,
    "count": 1
  },
  {
    "id": "9a8b25f0-bd49-48ff-85e0-0d8813106465",
    "data": [
      {
        "text": "jerry",
        "alias": "given-name",
        "meta": "@sys.given-name",
        "userDefined": false
      },
      {
        "text": " tell me my ",
        "userDefined": false
      },
      {
        "text": "info_key",
        "alias": "info_key",
        "meta": "@sys.any",
        "userDefined": true
      }
    ],
    "isTemplate": false,
    "count": 0
  },
  {
    "id": "9466d6ea-06e3-417d-9ed5-39ce18e72201",
    "data": [
      {
        "text": "please ",
        "userDefined": false
      },
      {
        "text": "jerry",
        "meta": "@sys.ignore",
        "userDefined": false
      },
      {
        "text": " get my ",
        "userDefined": false
      },
      {
        "text": "info_key",
        "alias": "info_key",
        "meta": "@sys.any",
        "userDefined": true
      }
    ],
    "isTemplate": false,
    "count": 1
  },
  {
    "id": "6020734a-b84b-4956-a892-b7b9581aae89",
    "data": [
      {
        "text": "please get me ",
        "userDefined": false
      },
      {
        "text": "info_key",
        "alias": "info_key",
        "meta": "@sys.any",
        "userDefined": true
      }
    ],
    "isTemplate": false,
    "count": 0
  },
  {
    "id": "8368b201-97d5-49e9-8c50-c7879850f85f",
    "data": [
      {
        "text": "please show me information named ",
        "userDefined": false
      },
      {
        "text": "info_key",
        "alias": "info_key",
        "meta": "@sys.any",
        "userDefined": true
      }
    ],
    "isTemplate": false,
    "count": 0
  },
  {
    "id": "610351a9-1f5d-449a-9874-9bc6e5cb4082",
    "data": [
      {
        "text": "send ",
        "userDefined": false
      },
      {
        "text": "info_key",
        "alias": "info_key",
        "meta": "@sys.any",
        "userDefined": true
      },
      {
        "text": " to my ",
        "userDefined": false
      },
      {
        "text": "mail",
        "meta": "@sys.ignore",
        "userDefined": false
      }
    ],
    "isTemplate": false,
    "count": 0
  },
  {
    "id": "467bf6d5-8dca-4632-9333-f5f0a3dc7d60",
    "data": [
      {
        "text": "yes , i want to retrieve a information",
        "userDefined": false
      }
    ],
    "isTemplate": false,
    "count": 0
  },
  {
    "id": "3c48dffa-e833-4c80-8419-4b166f351913",
    "data": [
      {
        "text": "i want to retrieve a file",
        "userDefined": false
      }
    ],
    "isTemplate": false,
    "count": 0
  },
  {
    "id": "c24fb2f9-19f9-4454-a8f5-5ea5bb98b719",
    "data": [
      {
        "text": "can i retrieve my information named ",
        "userDefined": false
      },
      {
        "text": "info_key",
        "alias": "info_key",
        "meta": "@sys.any",
        "userDefined": true
      },
      {
        "text": "?",
        "userDefined": false
      }
    ],
    "isTemplate": false,
    "count": 0
  },
  {
    "id": "5023d37d-9100-4342-92cf-f2ad30c4fcda",
    "data": [
      {
        "text": "get me my ",
        "userDefined": false
      },
      {
        "text": "info_key",
        "alias": "info_key",
        "meta": "@sys.any",
        "userDefined": true
      }
    ],
    "isTemplate": false,
    "count": 1
  },
  {
    "id": "f6b516b6-3595-45b8-95e2-dd9a2a6bd98d",
    "data": [
      {
        "text": "retrieve a file",
        "userDefined": false
      }
    ],
    "isTemplate": false,
    "count": 0
  },
  {
    "id": "82e9a753-95de-41c2-be07-b16a120015f1",
    "data": [
      {
        "text": "can i see my information",
        "userDefined": false
      }
    ],
    "isTemplate": false,
    "count": 1
  },
  {
    "id": "85420a7b-87d4-4cbb-b9bf-190e500ba195",
    "data": [
      {
        "text": "yes, retrieve my ",
        "userDefined": false
      },
      {
        "text": "info_key",
        "alias": "info_key",
        "meta": "@sys.any",
        "userDefined": true
      }
    ],
    "isTemplate": false,
    "count": 0
  }
]