[
  {
    "id": "530d718b-b9e9-499d-bdaa-93b18bcfc3c0",
    "data": [
      {
        "text": "jerry",
        "meta": "@sys.ignore",
        "userDefined": false
      },
      {
        "text": " please share it",
        "userDefined": false
      }
    ],
    "isTemplate": false,
    "count": 0
  },
  {
    "id": "4950e993-5d48-4e22-875c-274f6958b16d",
    "data": [
      {
        "text": "I want to share it",
        "userDefined": false
      }
    ],
    "isTemplate": false,
    "count": 0
  },
  {
    "id": "7f8e0187-3b9a-407b-ad03-daec57df161d",
    "data": [
      {
        "text": "can you share it",
        "userDefined": false
      }
    ],
    "isTemplate": false,
    "count": 0
  }
]