[
  {
    "id": "87609c4f-8d45-46ab-80bf-d2e831fc1f13",
    "data": [
      {
        "text": "lock it please",
        "userDefined": false
      }
    ],
    "isTemplate": false,
    "count": 0
  },
  {
    "id": "3f375311-0379-4df0-911f-4b9c058e71f0",
    "data": [
      {
        "text": "lock it",
        "userDefined": false
      }
    ],
    "isTemplate": false,
    "count": 0
  },
  {
    "id": "931c0809-6cb8-421a-bf66-5b630cb2c808",
    "data": [
      {
        "text": "yes lock it",
        "userDefined": false
      }
    ],
    "isTemplate": false,
    "count": 0
  },
  {
    "id": "b56f518c-c957-42a8-a742-f018ef118c9c",
    "data": [
      {
        "text": "can you please lock it",
        "userDefined": false
      }
    ],
    "isTemplate": false,
    "count": 0
  }
]