[
  {
    "id": "ad14f77d-ccc2-4200-8688-13c8afcd0f61",
    "data": [
      {
        "text": "can you unlock the information",
        "userDefined": false
      }
    ],
    "isTemplate": false,
    "count": 0
  },
  {
    "id": "d56b22ef-35b8-4e94-a430-504d5b9d9085",
    "data": [
      {
        "text": "open the lock",
        "userDefined": false
      }
    ],
    "isTemplate": false,
    "count": 0
  },
  {
    "id": "efcb4733-3a6e-4f53-a5dd-3dd326b1836e",
    "data": [
      {
        "text": "yes unlock it",
        "userDefined": false
      }
    ],
    "isTemplate": false,
    "count": 0
  },
  {
    "id": "6c6d9939-465a-4b3a-9acc-fa4fc79fa812",
    "data": [
      {
        "text": "unlock it",
        "userDefined": false
      }
    ],
    "isTemplate": false,
    "count": 0
  },
  {
    "id": "71e302e9-3a4c-4eeb-a4ba-43f9f0c44f68",
    "data": [
      {
        "text": "please unlock",
        "userDefined": false
      }
    ],
    "isTemplate": false,
    "count": 0
  }
]