[
  {
    "id": "ca1dc736-376c-4028-922a-6936cb7371a5",
    "data": [
      {
        "text": "that works",
        "userDefined": false
      }
    ],
    "isTemplate": false,
    "count": 0,
    "updated": 1531858999
  },
  {
    "id": "b191e857-c977-4004-a5af-9906abb8241c",
    "data": [
      {
        "text": "of course",
        "userDefined": false
      }
    ],
    "isTemplate": false,
    "count": 0,
    "updated": 1531858999
  },
  {
    "id": "110a84db-84e2-4e21-88db-d7fd12ab6274",
    "data": [
      {
        "text": "yes I agree",
        "userDefined": false
      }
    ],
    "isTemplate": false,
    "count": 1,
    "updated": 1531858999
  },
  {
    "id": "bf416bad-d143-4ef9-80bb-2e23d1c6ee4c",
    "data": [
      {
        "text": "thanks",
        "userDefined": false
      }
    ],
    "isTemplate": false,
    "count": 0
  },
  {
    "id": "3ef0c99a-bae0-465b-84b2-3238fe11ee54",
    "data": [
      {
        "text": "yes please",
        "userDefined": false
      }
    ],
    "isTemplate": false,
    "count": 0,
    "updated": 1531858999
  },
  {
    "id": "53ab5adc-86ec-4ebe-bb41-9ae983f28c13",
    "data": [
      {
        "text": "okay",
        "userDefined": false
      }
    ],
    "isTemplate": false,
    "count": 1,
    "updated": 1531858999
  },
  {
    "id": "d8f9c705-db4f-4cf7-854b-0484b54ffbc4",
    "data": [
      {
        "text": "I agree",
        "userDefined": false
      }
    ],
    "isTemplate": false,
    "count": 2,
    "updated": 1531858999
  },
  {
    "id": "c5b7e012-fb32-4232-b421-8153c23b15b2",
    "data": [
      {
        "text": "for sure",
        "userDefined": false
      }
    ],
    "isTemplate": false,
    "count": 0,
    "updated": 1531858999
  },
  {
    "id": "a5a865f0-c6f1-43ef-876b-cb13c2da4731",
    "data": [
      {
        "text": "alright why not",
        "userDefined": false
      }
    ],
    "isTemplate": false,
    "count": 0,
    "updated": 1531858999
  },
  {
    "id": "f74bb8aa-6528-4eb6-888c-d9b543fcac60",
    "data": [
      {
        "text": "it looks perfect",
        "userDefined": false
      }
    ],
    "isTemplate": false,
    "count": 0,
    "updated": 1531858999
  },
  {
    "id": "1f064f9d-8019-4aca-9b81-eac2b5121981",
    "data": [
      {
        "text": "perfect",
        "userDefined": false
      }
    ],
    "isTemplate": false,
    "count": 0,
    "updated": 1531858999
  },
  {
    "id": "fc11c838-9e8d-4b82-b49e-e4d815b2360d",
    "data": [
      {
        "text": "alright",
        "userDefined": false
      }
    ],
    "isTemplate": false,
    "count": 0,
    "updated": 1531858999
  },
  {
    "id": "43b35db6-fea3-426d-8917-8f03c2743ab6",
    "data": [
      {
        "text": "okay, thank you",
        "userDefined": false
      }
    ],
    "isTemplate": false,
    "count": 0
  },
  {
    "id": "ebd392ca-6075-4043-8a3e-a953046bf38b",
    "data": [
      {
        "text": "okay I will",
        "userDefined": false
      }
    ],
    "isTemplate": false,
    "count": 2,
    "updated": 1531858999
  },
  {
    "id": "80c93997-8c5e-43db-8866-079af81709d6",
    "data": [
      {
        "text": "yes that\u0027t ok",
        "userDefined": false
      }
    ],
    "isTemplate": false,
    "count": 0,
    "updated": 1531858999
  },
  {
    "id": "75b805c5-6123-488a-a04f-acd2aa534f7e",
    "data": [
      {
        "text": "thank you",
        "userDefined": false
      }
    ],
    "isTemplate": false,
    "count": 0
  },
  {
    "id": "a180d1ce-4515-47d9-b858-a1e6f5075d3b",
    "data": [
      {
        "text": "sure",
        "userDefined": false
      }
    ],
    "isTemplate": false,
    "count": 2,
    "updated": 1531858999
  },
  {
    "id": "a976f77b-da02-4d4b-baca-fa132c3c7874",
    "data": [
      {
        "text": "right",
        "userDefined": false
      }
    ],
    "isTemplate": false,
    "count": 0,
    "updated": 1531858999
  },
  {
    "id": "cf87045e-585d-4704-a454-68f0c1aa2281",
    "data": [
      {
        "text": "yes I can",
        "userDefined": false
      }
    ],
    "isTemplate": false,
    "count": 0,
    "updated": 1531858999
  },
  {
    "id": "bc173f9a-408a-4d1f-996b-aa676452e1fe",
    "data": [
      {
        "text": "okay thank you",
        "userDefined": false
      }
    ],
    "isTemplate": false,
    "count": 0
  },
  {
    "id": "7daac993-7c56-4351-b8b4-4f929b632da2",
    "data": [
      {
        "text": "why not",
        "userDefined": false
      }
    ],
    "isTemplate": false,
    "count": 0,
    "updated": 1531858999
  },
  {
    "id": "13a44d9e-e770-45e7-99c1-1e87bdb45f64",
    "data": [
      {
        "text": "yes I do",
        "userDefined": false
      }
    ],
    "isTemplate": false,
    "count": 0,
    "updated": 1531858999
  },
  {
    "id": "ed315aaa-1d63-4f2b-b812-474945d3fb11",
    "data": [
      {
        "text": "exactly",
        "userDefined": false
      }
    ],
    "isTemplate": false,
    "count": 1,
    "updated": 1531858999
  },
  {
    "id": "f96415a2-9a0a-4b44-a683-057e08c8c902",
    "data": [
      {
        "text": "yeah",
        "userDefined": false
      }
    ],
    "isTemplate": false,
    "count": 0,
    "updated": 1531858999
  },
  {
    "id": "5d0261cd-aaf8-4b49-8dda-b649e66abea7",
    "data": [
      {
        "text": "yep that\u0027s right",
        "userDefined": false
      }
    ],
    "isTemplate": false,
    "count": 1,
    "updated": 1531858999
  },
  {
    "id": "b0c1732a-dda4-4648-8a8e-3c8787e150db",
    "data": [
      {
        "text": "yes you can do it",
        "userDefined": false
      }
    ],
    "isTemplate": false,
    "count": 0,
    "updated": 1531858999
  },
  {
    "id": "f039eb14-2476-49a8-ae90-4e97250c6b26",
    "data": [
      {
        "text": "I don\u0027t mind",
        "userDefined": false
      }
    ],
    "isTemplate": false,
    "count": 3,
    "updated": 1531858999
  },
  {
    "id": "c4c155d8-a5ca-497d-9974-b329360f2131",
    "data": [
      {
        "text": "that\u0027s correct",
        "userDefined": false
      }
    ],
    "isTemplate": false,
    "count": 0,
    "updated": 1531858999
  },
  {
    "id": "b042c0e5-1b0f-49bd-8f35-baff11827ffb",
    "data": [
      {
        "text": "yes",
        "userDefined": false
      }
    ],
    "isTemplate": false,
    "count": 1,
    "updated": 1531858999
  },
  {
    "id": "9d0ad4b6-cdbf-4ae2-9fe6-7e57aca4a40b",
    "data": [
      {
        "text": "sure why not",
        "userDefined": false
      }
    ],
    "isTemplate": false,
    "count": 0,
    "updated": 1531858999
  },
  {
    "id": "d73bbb72-e9f7-41b9-9488-34ebe14b74b4",
    "data": [
      {
        "text": "I think so",
        "userDefined": false
      }
    ],
    "isTemplate": false,
    "count": 0,
    "updated": 1531858999
  },
  {
    "id": "0d9a5104-842c-4110-84e7-a5f675a741c1",
    "data": [
      {
        "text": "it\u0027s fine",
        "userDefined": false
      }
    ],
    "isTemplate": false,
    "count": 0,
    "updated": 1531858999
  },
  {
    "id": "b1ffe228-137b-447d-9f9f-c084f865c919",
    "data": [
      {
        "text": "ok",
        "userDefined": false
      }
    ],
    "isTemplate": false,
    "count": 1,
    "updated": 1531858999
  },
  {
    "id": "abdb1946-bcdc-4e4f-a7e8-84a15bd8d16c",
    "data": [
      {
        "text": "yep that\u0027s ok",
        "userDefined": false
      }
    ],
    "isTemplate": false,
    "count": 2,
    "updated": 1531858999
  },
  {
    "id": "a58ac831-c55d-4f19-8029-2317ec6374c0",
    "data": [
      {
        "text": "yup",
        "userDefined": false
      }
    ],
    "isTemplate": false,
    "count": 0,
    "updated": 1531858999
  },
  {
    "id": "9d34fd8a-1112-4ce1-9ba1-935f3f8cb416",
    "data": [
      {
        "text": "absolutely",
        "userDefined": false
      }
    ],
    "isTemplate": false,
    "count": 1,
    "updated": 1531858999
  },
  {
    "id": "a6893027-888f-4a46-921a-2ec8e965f997",
    "data": [
      {
        "text": "sg",
        "userDefined": false
      }
    ],
    "isTemplate": false,
    "count": 0,
    "updated": 1531858999
  },
  {
    "id": "94620921-df9c-40a1-9fd8-529dd35072bc",
    "data": [
      {
        "text": "yes that\u0027s alright",
        "userDefined": false
      }
    ],
    "isTemplate": false,
    "count": 0,
    "updated": 1531867231
  },
  {
    "id": "9247149c-b265-4174-8a62-07accb7d7d08",
    "data": [
      {
        "text": "that one works",
        "userDefined": false
      }
    ],
    "isTemplate": false,
    "count": 0,
    "updated": 1531858999
  },
  {
    "id": "9ce3f562-93be-4dd6-8af2-f7592b2a68c7",
    "data": [
      {
        "text": "sounds good",
        "userDefined": false
      }
    ],
    "isTemplate": false,
    "count": 0,
    "updated": 1531858999
  },
  {
    "id": "a396597a-6137-4288-a9fd-2f8ef9d8fb40",
    "data": [
      {
        "text": "yep",
        "userDefined": false
      }
    ],
    "isTemplate": false,
    "count": 0,
    "updated": 1531858999
  },
  {
    "id": "2ea1a705-7faf-4135-929c-d9d02d0eaa5a",
    "data": [
      {
        "text": "sounds correct",
        "userDefined": false
      }
    ],
    "isTemplate": false,
    "count": 1,
    "updated": 1531858999
  },
  {
    "id": "ebf538f6-9163-4461-8f1c-e90d4d720c12",
    "data": [
      {
        "text": "it\u0027s okay",
        "userDefined": false
      }
    ],
    "isTemplate": false,
    "count": 0,
    "updated": 1531858999
  },
  {
    "id": "38e7224e-bff3-4191-836e-61710b78fde0",
    "data": [
      {
        "text": "go ahead",
        "userDefined": false
      }
    ],
    "isTemplate": false,
    "count": 1,
    "updated": 1531858999
  },
  {
    "id": "16c4d121-6f05-45b7-9e87-5a6ac3cfacb0",
    "data": [
      {
        "text": "confirm",
        "userDefined": false
      }
    ],
    "isTemplate": false,
    "count": 1,
    "updated": 1531858999
  },
  {
    "id": "54de979b-a924-4bfe-a225-6a253c4161a3",
    "data": [
      {
        "text": "do it",
        "userDefined": false
      }
    ],
    "isTemplate": false,
    "count": 1,
    "updated": 1531858999
  }
]