[
  {
    "id": "06a83573-34a5-4a80-8389-e25dc738909b",
    "data": [
      {
        "text": "text",
        "meta": "@sys.ignore",
        "userDefined": false
      }
    ],
    "isTemplate": false,
    "count": 0
  },
  {
    "id": "8173a8d8-9b80-427f-b944-10c4b46ac8ca",
    "data": [
      {
        "text": "text message",
        "meta": "@sys.ignore",
        "userDefined": false
      }
    ],
    "isTemplate": false,
    "count": 0
  },
  {
    "id": "2bf521f1-8404-4b27-943c-f55449959937",
    "data": [
      {
        "text": "via ",
        "userDefined": false
      },
      {
        "text": "text message",
        "meta": "@sys.ignore",
        "userDefined": false
      }
    ],
    "isTemplate": false,
    "count": 0
  },
  {
    "id": "f260dcac-5438-40d9-b73c-965f90df3e40",
    "data": [
      {
        "text": "via ",
        "userDefined": false
      },
      {
        "text": "text",
        "meta": "@sys.ignore",
        "userDefined": false
      }
    ],
    "isTemplate": false,
    "count": 0
  },
  {
    "id": "19110bff-778a-4beb-96b1-27a5e76981ae",
    "data": [
      {
        "text": "over ",
        "userDefined": false
      },
      {
        "text": "text message",
        "meta": "@sys.ignore",
        "userDefined": false
      }
    ],
    "isTemplate": false,
    "count": 0
  },
  {
    "id": "391dab58-89ee-4976-9de5-212d0019cf3f",
    "data": [
      {
        "text": "over ",
        "userDefined": false
      },
      {
        "text": "text",
        "meta": "@sys.ignore",
        "userDefined": false
      }
    ],
    "isTemplate": false,
    "count": 0
  }
]