[
  {
    "id": "8a0f424c-b667-4211-95fc-e3d30239210d",
    "data": [
      {
        "text": "mail",
        "meta": "@sys.ignore",
        "userDefined": false
      }
    ],
    "isTemplate": false,
    "count": 0
  },
  {
    "id": "ccd8c3ee-7dcc-4224-a093-89170837a047",
    "data": [
      {
        "text": "via ",
        "userDefined": false
      },
      {
        "text": "mail",
        "meta": "@sys.ignore",
        "userDefined": false
      }
    ],
    "isTemplate": false,
    "count": 0
  },
  {
    "id": "2b9433c0-da3c-49e7-a58c-21d62abb4565",
    "data": [
      {
        "text": "over ",
        "userDefined": false
      },
      {
        "text": "email",
        "meta": "@sys.ignore",
        "userDefined": false
      }
    ],
    "isTemplate": false,
    "count": 0
  },
  {
    "id": "796fecb9-3aa1-4435-9524-94d97c6693ba",
    "data": [
      {
        "text": "via ",
        "userDefined": false
      },
      {
        "text": "email",
        "meta": "@sys.ignore",
        "userDefined": false
      }
    ],
    "isTemplate": false,
    "count": 0
  },
  {
    "id": "407613e6-003d-4b66-bb4e-68d872c3d183",
    "data": [
      {
        "text": "email",
        "meta": "@sys.ignore",
        "userDefined": false
      }
    ],
    "isTemplate": false,
    "count": 0
  }
]