[
  {
    "id": "7e278c7b-2856-44eb-9ae0-221d5f3de099",
    "data": [
      {
        "text": "over whatsapp",
        "userDefined": false
      }
    ],
    "isTemplate": false,
    "count": 0
  },
  {
    "id": "8d45b194-05ff-4153-a3b7-a3f98edae6bf",
    "data": [
      {
        "text": "via whatsapp",
        "userDefined": false
      }
    ],
    "isTemplate": false,
    "count": 0
  },
  {
    "id": "ff1f2254-e56a-441a-abed-6eb1eaf9bd98",
    "data": [
      {
        "text": "whatsapp message",
        "userDefined": false
      }
    ],
    "isTemplate": false,
    "count": 0
  },
  {
    "id": "243faa0c-fe29-4ac3-91a9-ab0c94114f70",
    "data": [
      {
        "text": "whatsapp",
        "userDefined": false
      }
    ],
    "isTemplate": false,
    "count": 0
  }
]