[
  {
    "id": "28796c5c-a4f2-47f3-b2d3-b4034017ac04",
    "data": [
      {
        "text": "can you please lock my information",
        "userDefined": false
      }
    ],
    "isTemplate": false,
    "count": 0
  },
  {
    "id": "52993a64-d847-419c-987a-cbcc62afbe49",
    "data": [
      {
        "text": "please lock my app",
        "userDefined": false
      }
    ],
    "isTemplate": false,
    "count": 0
  },
  {
    "id": "0c815aba-7362-4919-8108-9be3e09ae7ad",
    "data": [
      {
        "text": "please lock my information",
        "userDefined": false
      }
    ],
    "isTemplate": false,
    "count": 0
  },
  {
    "id": "9bc199f6-e88c-42e2-b551-9bedd97bf870",
    "data": [
      {
        "text": "i want to lock my information",
        "userDefined": false
      }
    ],
    "isTemplate": false,
    "count": 0
  },
  {
    "id": "3ce2e3e4-162c-4c5a-955e-992d5e8f9b0d",
    "data": [
      {
        "text": "lock my information",
        "userDefined": false
      }
    ],
    "isTemplate": false,
    "count": 0
  },
  {
    "id": "27f7a124-f84f-43e2-9bb5-a4645e95bd01",
    "data": [
      {
        "text": "locking the information will be a good idea",
        "userDefined": false
      }
    ],
    "isTemplate": false,
    "count": 0
  },
  {
    "id": "7a6394f8-ef4c-43b5-b9c7-ad4307e9660e",
    "data": [
      {
        "text": "sure and i want to keep my passcode as ",
        "userDefined": false
      },
      {
        "text": "passcode",
        "alias": "passcode",
        "meta": "@sys.number",
        "userDefined": true
      }
    ],
    "isTemplate": false,
    "count": 0
  },
  {
    "id": "a83a0d14-f6a1-438b-b9f4-2f3a0e7578ce",
    "data": [
      {
        "text": "i dont mind",
        "userDefined": false
      }
    ],
    "isTemplate": false,
    "count": 1
  },
  {
    "id": "63541029-a72d-43ef-ac9a-54ea46e0b823",
    "data": [
      {
        "text": "yes, that\u0027s alright",
        "userDefined": false
      }
    ],
    "isTemplate": false,
    "count": 0
  },
  {
    "id": "6c7a49a9-6a9e-4f41-ae3b-a287faa6abcc",
    "data": [
      {
        "text": "that would be great",
        "userDefined": false
      }
    ],
    "isTemplate": false,
    "count": 0
  },
  {
    "id": "34521145-a57f-43c8-bda8-9baf800a6067",
    "data": [
      {
        "text": "yes",
        "userDefined": false
      }
    ],
    "isTemplate": false,
    "count": 0
  },
  {
    "id": "c327648e-ef72-4878-92c2-ea18eb359ae4",
    "data": [
      {
        "text": "okay, lock it with the passcode ",
        "userDefined": false
      },
      {
        "text": "passcode",
        "alias": "passcode",
        "meta": "@sys.number",
        "userDefined": true
      }
    ],
    "isTemplate": false,
    "count": 0
  },
  {
    "id": "ac965511-6a90-4d41-8794-928abbdb82f6",
    "data": [
      {
        "text": "good idea, lock my information",
        "userDefined": false
      }
    ],
    "isTemplate": false,
    "count": 0
  },
  {
    "id": "b15126cf-6790-46ae-8ebd-98699f330ea1",
    "data": [
      {
        "text": "yes lock it",
        "userDefined": false
      }
    ],
    "isTemplate": false,
    "count": 0
  },
  {
    "id": "7d3c0063-0438-4060-97f4-770d74075312",
    "data": [
      {
        "text": "it would be great",
        "userDefined": false
      }
    ],
    "isTemplate": false,
    "count": 0
  },
  {
    "id": "9034b305-0941-4e3b-85ed-ca62f8e52dea",
    "data": [
      {
        "text": "lock",
        "userDefined": false
      }
    ],
    "isTemplate": false,
    "count": 0
  },
  {
    "id": "81f19075-8c40-48c2-918c-b26144f2aa82",
    "data": [
      {
        "text": "sure, lock it",
        "userDefined": false
      }
    ],
    "isTemplate": false,
    "count": 0
  },
  {
    "id": "3fc7992f-c888-4bb1-a367-28be4e8a9c15",
    "data": [
      {
        "text": "please, lock it",
        "userDefined": false
      }
    ],
    "isTemplate": false,
    "count": 0
  },
  {
    "id": "20896d0a-c7f4-4e90-a488-2b8541b936a8",
    "data": [
      {
        "text": "yes, i want to lock it.",
        "userDefined": false
      }
    ],
    "isTemplate": false,
    "count": 1
  },
  {
    "id": "bbc493a8-7469-4c3c-965c-041b4749a5a5",
    "data": [
      {
        "text": "sure please lock my information",
        "userDefined": false
      }
    ],
    "isTemplate": false,
    "count": 0
  },
  {
    "id": "1253fb31-0ffe-409e-9b6c-5501121c62a7",
    "data": [
      {
        "text": "sure lock it",
        "userDefined": false
      }
    ],
    "isTemplate": false,
    "count": 0
  },
  {
    "id": "26601235-8799-4a48-86cb-de5d6772fa9c",
    "data": [
      {
        "text": "yes, i would like to lock my information",
        "userDefined": false
      }
    ],
    "isTemplate": false,
    "count": 0
  },
  {
    "id": "65c62eac-c879-48b6-88fa-5a79f6673afe",
    "data": [
      {
        "text": "sure lock it as ",
        "userDefined": false
      },
      {
        "text": "passcode",
        "alias": "passcode",
        "meta": "@sys.number",
        "userDefined": true
      }
    ],
    "isTemplate": false,
    "count": 0
  },
  {
    "id": "3d110d72-d087-43f8-97cf-2eeb7f30036c",
    "data": [
      {
        "text": "okay, lock my information",
        "userDefined": false
      }
    ],
    "isTemplate": false,
    "count": 0
  },
  {
    "id": "406bc03a-c85e-400d-94dd-566a6f209cd0",
    "data": [
      {
        "text": "yes, please lock it for me",
        "userDefined": false
      }
    ],
    "isTemplate": false,
    "count": 0
  },
  {
    "id": "67686135-2d3e-473c-9e72-de096ea6d385",
    "data": [
      {
        "text": "yes and with the ",
        "userDefined": false
      },
      {
        "text": "passcode",
        "alias": "passcode",
        "meta": "@sys.number",
        "userDefined": true
      }
    ],
    "isTemplate": false,
    "count": 0
  },
  {
    "id": "95adf666-76e2-4ab9-a3b7-e1f8abffc8ab",
    "data": [
      {
        "text": "please lock the information",
        "userDefined": false
      }
    ],
    "isTemplate": false,
    "count": 0
  },
  {
    "id": "1c3fbde9-d325-4b53-9987-1bff8746e395",
    "data": [
      {
        "text": "go for it",
        "userDefined": false
      }
    ],
    "isTemplate": false,
    "count": 0
  },
  {
    "id": "ac94757e-8f12-4a8d-b084-281ce66657de",
    "data": [
      {
        "text": "sure",
        "userDefined": false
      }
    ],
    "isTemplate": false,
    "count": 0
  },
  {
    "id": "6a0935d3-b540-456a-8f77-efecb84ef299",
    "data": [
      {
        "text": "lock it please",
        "userDefined": false
      }
    ],
    "isTemplate": false,
    "count": 0
  },
  {
    "id": "8304e7d1-4d67-422c-b034-1b71b17905dc",
    "data": [
      {
        "text": "good idea",
        "userDefined": false
      }
    ],
    "isTemplate": false,
    "count": 0
  },
  {
    "id": "cf6e09b8-559c-4ba0-81e2-a644807c3baa",
    "data": [
      {
        "text": "sure, lock my information.",
        "userDefined": false
      }
    ],
    "isTemplate": false,
    "count": 0
  },
  {
    "id": "c64738cf-7d40-4c56-81ac-82c43e5cbf4e",
    "data": [
      {
        "text": "sure, please lock my information",
        "userDefined": false
      }
    ],
    "isTemplate": false,
    "count": 0
  },
  {
    "id": "4ab2df13-f6f3-4443-869a-19390455d14c",
    "data": [
      {
        "text": "thanks, yes please lock it",
        "userDefined": false
      }
    ],
    "isTemplate": false,
    "count": 0
  },
  {
    "id": "27bcb99b-f350-4216-a923-8eabd9b40a1d",
    "data": [
      {
        "text": "ofcourse",
        "userDefined": false
      }
    ],
    "isTemplate": false,
    "count": 0
  },
  {
    "id": "46872108-ab72-42a9-afcf-011bc1575922",
    "data": [
      {
        "text": "sure, why not?",
        "userDefined": false
      }
    ],
    "isTemplate": false,
    "count": 0
  },
  {
    "id": "358ae8dc-2a51-494b-b300-f5088f02f73b",
    "data": [
      {
        "text": "please lock it",
        "userDefined": false
      }
    ],
    "isTemplate": false,
    "count": 0
  },
  {
    "id": "9bcc1480-58b8-4325-bf6c-16fc30ece0cc",
    "data": [
      {
        "text": "lock it",
        "userDefined": false
      }
    ],
    "isTemplate": false,
    "count": 0
  },
  {
    "id": "3526de34-9546-4dbf-b9cc-9bd09c0bba11",
    "data": [
      {
        "text": "yea lock it.",
        "userDefined": false
      }
    ],
    "isTemplate": false,
    "count": 0
  },
  {
    "id": "162b1fbc-e4ce-49e8-a25f-ef9abe7607f7",
    "data": [
      {
        "text": "yes, lock it as ",
        "userDefined": false
      },
      {
        "text": "passcode",
        "alias": "passcode",
        "meta": "@sys.number",
        "userDefined": true
      }
    ],
    "isTemplate": false,
    "count": 0
  },
  {
    "id": "694a4918-63f1-491c-860f-ce0cd2d3d59e",
    "data": [
      {
        "text": "i will prefer locking my information with ",
        "userDefined": false
      },
      {
        "text": "passcode",
        "alias": "passcode",
        "meta": "@sys.number",
        "userDefined": true
      }
    ],
    "isTemplate": false,
    "count": 0
  },
  {
    "id": "c8261aa5-7612-43aa-968d-ca0d1408b3d5",
    "data": [
      {
        "text": "yea, sure",
        "userDefined": false
      }
    ],
    "isTemplate": false,
    "count": 0
  }
]