[
  {
    "id": "63877e51-05e8-44cc-8b34-c63068e6a324",
    "data": [
      {
        "text": "no lo creo",
        "userDefined": false
      }
    ],
    "isTemplate": false,
    "count": 0,
    "updated": 1497432756
  },
  {
    "id": "6471c16c-3ca6-4df5-a6fb-2b5319bb20e2",
    "data": [
      {
        "text": "no me interesa",
        "userDefined": false
      }
    ],
    "isTemplate": false,
    "count": 0,
    "updated": 1497432756
  },
  {
    "id": "57bc6b10-01d0-4adf-9948-0c01d45d8a9e",
    "data": [
      {
        "text": "no mucho",
        "userDefined": false
      }
    ],
    "isTemplate": false,
    "count": 0,
    "updated": 1497432756
  },
  {
    "id": "58975dd6-2b59-4238-ac9d-ed1cb2334165",
    "data": [
      {
        "text": "no",
        "userDefined": false
      }
    ],
    "isTemplate": false,
    "count": 1,
    "updated": 1497432756
  },
  {
    "id": "6f808091-0877-48ed-947c-211596a68f31",
    "data": [
      {
        "text": "en absoluto",
        "userDefined": false
      }
    ],
    "isTemplate": false,
    "count": 0,
    "updated": 1497432756
  },
  {
    "id": "22232df6-4107-4557-a006-1803a586c1b5",
    "data": [
      {
        "text": "no estoy de acuerdo",
        "userDefined": false
      }
    ],
    "isTemplate": false,
    "count": 0,
    "updated": 1497432756
  },
  {
    "id": "81a410b0-9962-4270-850d-eea8de1706c1",
    "data": [
      {
        "text": "no lo quiero",
        "userDefined": false
      }
    ],
    "isTemplate": false,
    "count": 0,
    "updated": 1497432756
  },
  {
    "id": "bdfe9df7-41e5-4fcb-92c0-bd0629ddb589",
    "data": [
      {
        "text": "gracias pero no",
        "userDefined": false
      }
    ],
    "isTemplate": false,
    "count": 0,
    "updated": 1497432756
  },
  {
    "id": "6d6b360d-78bf-4e00-b6f3-97927a249043",
    "data": [
      {
        "text": "no hacerlo",
        "userDefined": false
      }
    ],
    "isTemplate": false,
    "count": 0,
    "updated": 1497432756
  }
]