[
  {
    "id": "cee4fa21-65a4-42e1-88d4-22a75f2f2f94",
    "data": [
      {
        "text": "can you mail me my information",
        "userDefined": false
      }
    ],
    "isTemplate": false,
    "count": 0
  },
  {
    "id": "d8b3cc54-6af0-4097-9c38-33d1f69dc777",
    "data": [
      {
        "text": "it would be great, if you could mail me my information",
        "userDefined": false
      }
    ],
    "isTemplate": false,
    "count": 0
  },
  {
    "id": "b3f0c426-6304-4748-a8a4-cde8e89da876",
    "data": [
      {
        "text": "sure, get my ",
        "userDefined": false
      },
      {
        "text": "info_key",
        "alias": "info_key",
        "meta": "@sys.any",
        "userDefined": true
      },
      {
        "text": " to my mail",
        "userDefined": false
      }
    ],
    "isTemplate": false,
    "count": 0
  },
  {
    "id": "661d1dfb-5222-4ef5-bdcb-52511645cf0f",
    "data": [
      {
        "text": "mail me ",
        "userDefined": false
      },
      {
        "text": "info_key",
        "alias": "info_key",
        "meta": "@sys.any",
        "userDefined": true
      }
    ],
    "isTemplate": false,
    "count": 0
  },
  {
    "id": "a4c60361-dd7c-4d09-b5bb-8094879ea23d",
    "data": [
      {
        "text": "mail me my ",
        "userDefined": false
      },
      {
        "text": "info_key",
        "alias": "info_key",
        "meta": "@sys.any",
        "userDefined": true
      }
    ],
    "isTemplate": false,
    "count": 0
  },
  {
    "id": "d3debc07-29f5-4673-8bb5-01ece1a1aa06",
    "data": [
      {
        "text": "send me my information over mail",
        "userDefined": false
      }
    ],
    "isTemplate": false,
    "count": 0
  },
  {
    "id": "2d172284-f8cb-4896-9dec-4ea329aec2b4",
    "data": [
      {
        "text": "email me my ",
        "userDefined": false
      },
      {
        "text": "info_key",
        "alias": "info_key",
        "meta": "@sys.any",
        "userDefined": true
      }
    ],
    "isTemplate": false,
    "count": 0
  },
  {
    "id": "45b7c233-78f7-4e71-afd1-6d32f62278ff",
    "data": [
      {
        "text": "i want to retrieve my ",
        "userDefined": false
      },
      {
        "text": "info_key",
        "alias": "info_key",
        "meta": "@sys.any",
        "userDefined": true
      },
      {
        "text": " over mail",
        "userDefined": false
      }
    ],
    "isTemplate": false,
    "count": 0
  },
  {
    "id": "00c45835-d1d0-4c30-8e56-a98c409f6fee",
    "data": [
      {
        "text": "how about mailing me my information",
        "userDefined": false
      }
    ],
    "isTemplate": false,
    "count": 0
  },
  {
    "id": "ed0fb89f-ee9b-4045-9e52-a01632f46e1e",
    "data": [
      {
        "text": "email me ",
        "userDefined": false
      },
      {
        "text": "info_key",
        "alias": "info_key",
        "meta": "@sys.any",
        "userDefined": true
      }
    ],
    "isTemplate": false,
    "count": 2
  },
  {
    "id": "2b844757-e707-4fbd-9bb3-6c95ab7093a1",
    "data": [
      {
        "text": "email me my information",
        "userDefined": false
      }
    ],
    "isTemplate": false,
    "count": 0
  },
  {
    "id": "1f126d05-f1e2-4862-ad65-8604663fe262",
    "data": [
      {
        "text": "i want to retrieve my file over mail",
        "userDefined": false
      }
    ],
    "isTemplate": false,
    "count": 0
  },
  {
    "id": "3535d6a3-aaea-42cd-b1c4-f82aeb6d0a45",
    "data": [
      {
        "text": "retrieve my information over email",
        "userDefined": false
      }
    ],
    "isTemplate": false,
    "count": 0
  },
  {
    "id": "d01d665c-6107-4b60-9aea-ccefed24c02c",
    "data": [
      {
        "text": "get me ",
        "userDefined": false
      },
      {
        "text": "info_key",
        "alias": "info_key",
        "meta": "@sys.any",
        "userDefined": true
      },
      {
        "text": " on my email",
        "userDefined": false
      }
    ],
    "isTemplate": false,
    "count": 0
  },
  {
    "id": "805f3e20-88f5-4e16-a834-98726d9799a2",
    "data": [
      {
        "text": "get me my ",
        "userDefined": false
      },
      {
        "text": "info_key",
        "alias": "info_key",
        "meta": "@sys.any",
        "userDefined": true
      },
      {
        "text": " on ",
        "userDefined": false
      },
      {
        "text": "mail",
        "meta": "@sys.ignore",
        "userDefined": false
      }
    ],
    "isTemplate": false,
    "count": 0
  },
  {
    "id": "9fc7c0ad-c2f8-47e0-baad-beacf95116f4",
    "data": [
      {
        "text": "send ",
        "userDefined": false
      },
      {
        "text": "info_key",
        "alias": "info_key",
        "meta": "@sys.any",
        "userDefined": true
      },
      {
        "text": " to my email",
        "userDefined": false
      }
    ],
    "isTemplate": false,
    "count": 0
  },
  {
    "id": "3d47c260-0f67-4193-aa06-8feff72fded8",
    "data": [
      {
        "text": "i want to retrieve my information over ",
        "userDefined": false
      },
      {
        "text": "mail",
        "meta": "@sys.ignore",
        "userDefined": false
      }
    ],
    "isTemplate": false,
    "count": 0
  },
  {
    "id": "689b5152-b6fc-4e3d-ac31-de62b5d4bf29",
    "data": [
      {
        "text": "sure, email me my ",
        "userDefined": false
      },
      {
        "text": "info_key",
        "alias": "info_key",
        "meta": "@sys.any",
        "userDefined": true
      }
    ],
    "isTemplate": false,
    "count": 0
  },
  {
    "id": "6976e758-658a-446b-beb3-39730a5a79bd",
    "data": [
      {
        "text": "okay, get me an information over ",
        "userDefined": false
      },
      {
        "text": "mail",
        "meta": "@sys.ignore",
        "userDefined": false
      }
    ],
    "isTemplate": false,
    "count": 0
  },
  {
    "id": "99e420f5-1f57-4850-9156-5425423cb762",
    "data": [
      {
        "text": "can i retrieve my ",
        "userDefined": false
      },
      {
        "text": "info_key",
        "alias": "info_key",
        "meta": "@sys.any",
        "userDefined": true
      },
      {
        "text": " over mail?",
        "userDefined": false
      }
    ],
    "isTemplate": false,
    "count": 0
  },
  {
    "id": "0c7029bb-1161-4bf7-8225-60185183b9f1",
    "data": [
      {
        "text": "can you mail me my ",
        "userDefined": false
      },
      {
        "text": "info_key",
        "alias": "info_key",
        "meta": "@sys.any",
        "userDefined": true
      }
    ],
    "isTemplate": false,
    "count": 0
  },
  {
    "id": "ff2861a5-3bc9-40fe-b15d-f7b2712221b2",
    "data": [
      {
        "text": "send ",
        "userDefined": false
      },
      {
        "text": "info_key",
        "alias": "info_key",
        "meta": "@sys.any",
        "userDefined": true
      },
      {
        "text": " to my mail",
        "userDefined": false
      }
    ],
    "isTemplate": false,
    "count": 0
  },
  {
    "id": "9bcd5b38-1c1e-4ecf-9432-3b1c88d5fce1",
    "data": [
      {
        "text": "retrieve my file ",
        "userDefined": false
      },
      {
        "text": "info_key",
        "alias": "info_key",
        "meta": "@sys.any",
        "userDefined": true
      },
      {
        "text": " over mail",
        "userDefined": false
      }
    ],
    "isTemplate": false,
    "count": 0
  },
  {
    "id": "5ad98e7e-c896-44e6-b521-9f10041e10e4",
    "data": [
      {
        "text": "sure can you email me my information?",
        "userDefined": false
      }
    ],
    "isTemplate": false,
    "count": 0
  }
]