[
  {
    "id": "86bf6c5f-ae69-4860-bae1-1a0fb81a1ece",
    "data": [
      {
        "text": "you were great",
        "userDefined": false
      }
    ],
    "isTemplate": false,
    "count": 0
  },
  {
    "id": "501158c2-bf86-44bb-8f31-dee0d286ec4e",
    "data": [
      {
        "text": "thank you",
        "userDefined": false
      }
    ],
    "isTemplate": false,
    "count": 1
  },
  {
    "id": "d1c8bc14-a641-4702-8844-9425f4abedd9",
    "data": [
      {
        "text": "no i guess that would be all",
        "userDefined": false
      }
    ],
    "isTemplate": false,
    "count": 0
  },
  {
    "id": "c1bc9c40-054c-437e-8886-3b0617ac6720",
    "data": [
      {
        "text": "nop, thank you",
        "userDefined": false
      }
    ],
    "isTemplate": false,
    "count": 0
  },
  {
    "id": "da118b6c-ad23-40f7-a377-1b54d4ce9bd1",
    "data": [
      {
        "text": "no, thank you",
        "userDefined": false
      }
    ],
    "isTemplate": false,
    "count": 0
  },
  {
    "id": "72b74ff4-9f6e-4565-8972-e611b7d6705c",
    "data": [
      {
        "text": "okay, thank you!",
        "userDefined": false
      }
    ],
    "isTemplate": false,
    "count": 0
  },
  {
    "id": "54006922-ed63-4f25-a36b-ce4a2324c76b",
    "data": [
      {
        "text": "no, thank you!",
        "userDefined": false
      }
    ],
    "isTemplate": false,
    "count": 0
  },
  {
    "id": "462673c1-9416-4e7d-b213-d510440f26d5",
    "data": [
      {
        "text": "thanks for helping me",
        "userDefined": false
      }
    ],
    "isTemplate": false,
    "count": 0
  },
  {
    "id": "9430c059-5b57-42c7-8e04-78d8b68a0431",
    "data": [
      {
        "text": "no, i am fine",
        "userDefined": false
      }
    ],
    "isTemplate": false,
    "count": 0
  },
  {
    "id": "b4a57a62-1fc8-4f17-8e00-cf6bf76cf7dc",
    "data": [
      {
        "text": "no thanks",
        "userDefined": false
      }
    ],
    "isTemplate": false,
    "count": 0
  },
  {
    "id": "d3d90e78-8b87-45d0-8a41-f6c9440e159f",
    "data": [
      {
        "text": "no, that would be all",
        "userDefined": false
      }
    ],
    "isTemplate": false,
    "count": 0
  },
  {
    "id": "b2923d1e-e6c7-4f60-a4d9-f6cc2076f5c4",
    "data": [
      {
        "text": "bye",
        "userDefined": false
      }
    ],
    "isTemplate": false,
    "count": 0
  },
  {
    "id": "496c3082-22f2-4744-bdfe-21375b9d76ab",
    "data": [
      {
        "text": "okay, bye",
        "userDefined": false
      }
    ],
    "isTemplate": false,
    "count": 0
  },
  {
    "id": "60c5c384-9b7a-4b36-b967-a11d92a4a562",
    "data": [
      {
        "text": "sure",
        "userDefined": false
      }
    ],
    "isTemplate": false,
    "count": 0
  },
  {
    "id": "bfd2ffec-2523-4885-9898-4262cde894b5",
    "data": [
      {
        "text": "okay",
        "userDefined": false
      }
    ],
    "isTemplate": false,
    "count": 1
  },
  {
    "id": "23e4eb53-a5f8-4597-9efa-784f69d96558",
    "data": [
      {
        "text": "you are great",
        "userDefined": false
      }
    ],
    "isTemplate": false,
    "count": 0
  },
  {
    "id": "d1138287-f209-46a2-a14f-22faa5785751",
    "data": [
      {
        "text": "thanks for doing that",
        "userDefined": false
      }
    ],
    "isTemplate": false,
    "count": 1
  },
  {
    "id": "c2f5443d-f61d-40f5-b06c-631dac226f5c",
    "data": [
      {
        "text": "cool",
        "userDefined": false
      }
    ],
    "isTemplate": false,
    "count": 0
  },
  {
    "id": "154ea001-0626-4541-8750-405c40716d6e",
    "data": [
      {
        "text": "ok",
        "userDefined": false
      }
    ],
    "isTemplate": false,
    "count": 0
  },
  {
    "id": "e1314aca-94df-4b47-82ac-28b555931957",
    "data": [
      {
        "text": "so sweet of you",
        "userDefined": false
      }
    ],
    "isTemplate": false,
    "count": 0
  }
]