[
  {
    "id": "d19cf34a-3ac4-49ce-8286-ddee9e551c73",
    "data": [
      {
        "text": "please unlock my information",
        "userDefined": false
      }
    ],
    "isTemplate": false,
    "count": 0
  },
  {
    "id": "a2520c1e-1477-4a4c-8cb7-bc9c6e312e60",
    "data": [
      {
        "text": "please unlock my app",
        "userDefined": false
      }
    ],
    "isTemplate": false,
    "count": 0
  },
  {
    "id": "89393ddb-75ab-4523-a008-5369b680f77a",
    "data": [
      {
        "text": "unlock my app",
        "userDefined": false
      }
    ],
    "isTemplate": false,
    "count": 0
  },
  {
    "id": "66149b80-f806-43f1-98bb-33af4dadf5a3",
    "data": [
      {
        "text": "i want to unlock my information",
        "userDefined": false
      }
    ],
    "isTemplate": false,
    "count": 0
  },
  {
    "id": "14b3f045-7ff6-4d85-996e-513ba1f800c2",
    "data": [
      {
        "text": "unlock it",
        "userDefined": false
      }
    ],
    "isTemplate": false,
    "count": 0
  },
  {
    "id": "b59b9543-380a-47f6-acf7-0e2df89d3365",
    "data": [
      {
        "text": "okay",
        "userDefined": false
      }
    ],
    "isTemplate": false,
    "count": 0
  },
  {
    "id": "ade0c87a-fa32-4041-a5c8-5cd1ac59319c",
    "data": [
      {
        "text": "okay, please unlock the app",
        "userDefined": false
      }
    ],
    "isTemplate": false,
    "count": 0
  },
  {
    "id": "5fafccc9-b42c-42fc-8e18-2afff14af8e9",
    "data": [
      {
        "text": "unlock using passcode ",
        "userDefined": false
      },
      {
        "text": "passcode",
        "alias": "passcode",
        "meta": "@sys.number",
        "userDefined": true
      }
    ],
    "isTemplate": false,
    "count": 0
  },
  {
    "id": "5f43c455-604a-4793-a9b5-5944e81a12e3",
    "data": [
      {
        "text": "sure, do it with ",
        "userDefined": false
      },
      {
        "text": "passcode",
        "alias": "passcode",
        "meta": "@sys.number",
        "userDefined": true
      }
    ],
    "isTemplate": false,
    "count": 0
  },
  {
    "id": "b10f4ba7-7d50-4107-8bf5-3e48d77d3c95",
    "data": [
      {
        "text": "unlock please",
        "userDefined": false
      }
    ],
    "isTemplate": false,
    "count": 0
  },
  {
    "id": "51017d46-a2c8-4532-bf53-3b469fb304a4",
    "data": [
      {
        "text": "unlock using ",
        "userDefined": false
      },
      {
        "text": "passcode",
        "alias": "passcode",
        "meta": "@sys.number",
        "userDefined": true
      }
    ],
    "isTemplate": false,
    "count": 0
  },
  {
    "id": "fbc90812-efd3-45e3-992f-a47e678be0d6",
    "data": [
      {
        "text": "sure, unlock it with ",
        "userDefined": false
      },
      {
        "text": "passcode",
        "alias": "passcode",
        "meta": "@sys.number",
        "userDefined": true
      }
    ],
    "isTemplate": false,
    "count": 0
  },
  {
    "id": "29ed7a6b-b984-470b-9036-fcbce98fa1df",
    "data": [
      {
        "text": "unclose my information",
        "userDefined": false
      }
    ],
    "isTemplate": false,
    "count": 1
  },
  {
    "id": "7f6e0754-c452-4966-aeec-bf095b62ca91",
    "data": [
      {
        "text": "use ",
        "userDefined": false
      },
      {
        "text": "passcode",
        "alias": "passcode",
        "meta": "@sys.number",
        "userDefined": true
      },
      {
        "text": " to unlock",
        "userDefined": false
      }
    ],
    "isTemplate": false,
    "count": 0
  },
  {
    "id": "a4b8852c-dbc1-4e8d-84cd-29634865e052",
    "data": [
      {
        "text": "try unlocking it using ",
        "userDefined": false
      },
      {
        "text": "passcode",
        "alias": "passcode",
        "meta": "@sys.number",
        "userDefined": true
      }
    ],
    "isTemplate": false,
    "count": 0
  },
  {
    "id": "80a94a06-8a56-4eff-93a5-5cd9c92fb30e",
    "data": [
      {
        "text": "unlock my app with ",
        "userDefined": false
      },
      {
        "text": "passcode",
        "alias": "passcode",
        "meta": "@sys.number",
        "userDefined": true
      }
    ],
    "isTemplate": false,
    "count": 0
  },
  {
    "id": "fdc7e3cf-e95a-45fe-83f8-e2a73946383b",
    "data": [
      {
        "text": "why not!",
        "userDefined": false
      }
    ],
    "isTemplate": false,
    "count": 0
  },
  {
    "id": "cce861d5-d6fc-4ab8-9387-6c0a031c133d",
    "data": [
      {
        "text": "unlock it with ",
        "userDefined": false
      },
      {
        "text": "passcode",
        "alias": "passcode",
        "meta": "@sys.number",
        "userDefined": true
      }
    ],
    "isTemplate": false,
    "count": 0
  },
  {
    "id": "5c2e0f15-c8bd-4406-b235-c276302bcd39",
    "data": [
      {
        "text": "unlock it for me",
        "userDefined": false
      }
    ],
    "isTemplate": false,
    "count": 0
  },
  {
    "id": "65d9a459-c8c7-410b-a8c6-5b9dfa7641ba",
    "data": [
      {
        "text": "free my app using passcode ",
        "userDefined": false
      },
      {
        "text": "passcode",
        "alias": "passcode",
        "meta": "@sys.number",
        "userDefined": true
      }
    ],
    "isTemplate": false,
    "count": 0
  },
  {
    "id": "d24ecb19-9caa-44ff-9835-35eae16db73f",
    "data": [
      {
        "text": "sure",
        "userDefined": false
      }
    ],
    "isTemplate": false,
    "count": 0
  },
  {
    "id": "8e8b93f7-971c-41a3-a3e0-5d07479f165b",
    "data": [
      {
        "text": "yes, use ",
        "userDefined": false
      },
      {
        "text": "passcode",
        "alias": "passcode",
        "meta": "@sys.number",
        "userDefined": true
      }
    ],
    "isTemplate": false,
    "count": 0
  },
  {
    "id": "bd45b0f9-f62f-4791-8f96-f08947c0e601",
    "data": [
      {
        "text": "sure, unlock it",
        "userDefined": false
      }
    ],
    "isTemplate": false,
    "count": 0
  },
  {
    "id": "f2cf2386-74c1-4817-8138-3654cb71a48e",
    "data": [
      {
        "text": "okay, unlock it with ",
        "userDefined": false
      },
      {
        "text": "passcode",
        "alias": "passcode",
        "meta": "@sys.number",
        "userDefined": true
      }
    ],
    "isTemplate": false,
    "count": 0
  },
  {
    "id": "a25d435a-9362-458e-a53b-95c49de2761d",
    "data": [
      {
        "text": "yes, use ",
        "userDefined": false
      },
      {
        "text": "passcode",
        "alias": "passcode",
        "meta": "@sys.number",
        "userDefined": true
      },
      {
        "text": " to unlock the information",
        "userDefined": false
      }
    ],
    "isTemplate": false,
    "count": 0
  },
  {
    "id": "4aca02c4-0948-4772-b08b-f693b1b0683d",
    "data": [
      {
        "text": "try it with ",
        "userDefined": false
      },
      {
        "text": "passcode",
        "alias": "passcode",
        "meta": "@sys.number",
        "userDefined": true
      }
    ],
    "isTemplate": false,
    "count": 0
  },
  {
    "id": "507e7565-44f3-43a6-bc01-b0958507a595",
    "data": [
      {
        "text": "sure, my passcode is ",
        "userDefined": false
      },
      {
        "text": "passcode",
        "alias": "passcode",
        "meta": "@sys.number",
        "userDefined": true
      }
    ],
    "isTemplate": false,
    "count": 0
  },
  {
    "id": "af1cb41b-4379-4c89-aaa4-ffd0a160b811",
    "data": [
      {
        "text": "try unlocking it",
        "userDefined": false
      }
    ],
    "isTemplate": false,
    "count": 0
  },
  {
    "id": "6320b52d-d225-47d7-887a-3b0d2eaacced",
    "data": [
      {
        "text": "yes, unlock it",
        "userDefined": false
      }
    ],
    "isTemplate": false,
    "count": 0
  },
  {
    "id": "b1f2e8a0-35db-467c-ace4-d9f0a22dde04",
    "data": [
      {
        "text": "free my information using ",
        "userDefined": false
      },
      {
        "text": "passcode",
        "alias": "passcode",
        "meta": "@sys.number",
        "userDefined": true
      }
    ],
    "isTemplate": false,
    "count": 1
  },
  {
    "id": "c427f56a-f2bd-41c9-ab69-eb198bbc5c1b",
    "data": [
      {
        "text": "okay, unlock it with ",
        "userDefined": false
      },
      {
        "text": "passcode",
        "alias": "passcode",
        "meta": "@sys.number",
        "userDefined": true
      },
      {
        "text": " passcode",
        "userDefined": false
      }
    ],
    "isTemplate": false,
    "count": 0
  },
  {
    "id": "a2ca8aba-1b04-4329-b831-d81a4ac9cf36",
    "data": [
      {
        "text": "unlock by ",
        "userDefined": false
      },
      {
        "text": "passcode",
        "alias": "passcode",
        "meta": "@sys.number",
        "userDefined": true
      }
    ],
    "isTemplate": false,
    "count": 0
  },
  {
    "id": "61c03134-17ba-40fe-8df5-cec1c49ad1e9",
    "data": [
      {
        "text": "yes, use ",
        "userDefined": false
      },
      {
        "text": "passcode",
        "alias": "passcode",
        "meta": "@sys.number",
        "userDefined": true
      },
      {
        "text": " to do the same",
        "userDefined": false
      }
    ],
    "isTemplate": false,
    "count": 0
  },
  {
    "id": "cfc1e80f-5582-4325-b878-80ecd4a85fa8",
    "data": [
      {
        "text": "use ",
        "userDefined": false
      },
      {
        "text": "passcode",
        "alias": "passcode",
        "meta": "@sys.number",
        "userDefined": true
      },
      {
        "text": " to unlock my information",
        "userDefined": false
      }
    ],
    "isTemplate": false,
    "count": 0
  },
  {
    "id": "16f288af-5813-451a-8235-c6a3838b864f",
    "data": [
      {
        "text": "use ",
        "userDefined": false
      },
      {
        "text": "passcode",
        "alias": "passcode",
        "meta": "@sys.number",
        "userDefined": true
      },
      {
        "text": " to unlock my app",
        "userDefined": false
      }
    ],
    "isTemplate": false,
    "count": 0
  },
  {
    "id": "1e751df6-2068-42ce-84a0-d95d7b13a99f",
    "data": [
      {
        "text": "unlock with ",
        "userDefined": false
      },
      {
        "text": "passcode",
        "alias": "passcode",
        "meta": "@sys.number",
        "userDefined": true
      }
    ],
    "isTemplate": false,
    "count": 0
  },
  {
    "id": "61158f43-bd46-4f8e-b575-b7d34bdc5ad1",
    "data": [
      {
        "text": "free my app using ",
        "userDefined": false
      },
      {
        "text": "passcode",
        "alias": "passcode",
        "meta": "@sys.number",
        "userDefined": true
      }
    ],
    "isTemplate": false,
    "count": 0
  },
  {
    "id": "e47276e9-b5b0-487f-bec8-40f12d1f6be3",
    "data": [
      {
        "text": "i want to unlock my app",
        "userDefined": false
      }
    ],
    "isTemplate": false,
    "count": 1
  },
  {
    "id": "a2db51a1-94fd-4f43-acb9-e69925a620a8",
    "data": [
      {
        "text": "free my app with passcode ",
        "userDefined": false
      },
      {
        "text": "passcode",
        "alias": "passcode",
        "meta": "@sys.number",
        "userDefined": true
      }
    ],
    "isTemplate": false,
    "count": 0
  },
  {
    "id": "6e086159-41e2-465a-bfc2-01e8833e0a30",
    "data": [
      {
        "text": "sure, use ",
        "userDefined": false
      },
      {
        "text": "passcode",
        "alias": "passcode",
        "meta": "@sys.number",
        "userDefined": true
      },
      {
        "text": " to do the same",
        "userDefined": false
      }
    ],
    "isTemplate": false,
    "count": 0
  }
]