[
  {
    "id": "be49c3ee-2745-4d5d-a65c-46e17b7edd5f",
    "data": [
      {
        "text": "unlock the information",
        "userDefined": false
      }
    ],
    "isTemplate": false,
    "count": 0
  },
  {
    "id": "baab083e-0f8a-4f70-9743-fe7321e9bfa2",
    "data": [
      {
        "text": "unlock the app",
        "userDefined": false
      }
    ],
    "isTemplate": false,
    "count": 0
  },
  {
    "id": "4aaca4d9-beae-46ec-bed7-dd787f4ea384",
    "data": [
      {
        "text": "please assist me in unlocking an information",
        "userDefined": false
      }
    ],
    "isTemplate": false,
    "count": 0
  },
  {
    "id": "c018fa0f-464f-4e92-8ee7-6c932ce4987f",
    "data": [
      {
        "text": "i want you to unlock the information",
        "userDefined": false
      }
    ],
    "isTemplate": false,
    "count": 0
  },
  {
    "id": "03e5d859-c56b-4ec5-af1a-4385fa4f5fed",
    "data": [
      {
        "text": "yes, i want you to unlock my app",
        "userDefined": false
      }
    ],
    "isTemplate": false,
    "count": 0
  },
  {
    "id": "12cdbacf-8c1c-4e94-8ec3-3d54abc4321e",
    "data": [
      {
        "text": "use ",
        "userDefined": false
      },
      {
        "text": "passcode",
        "alias": "passcode",
        "meta": "@sys.number",
        "userDefined": true
      },
      {
        "text": " to unlock the app",
        "userDefined": false
      }
    ],
    "isTemplate": false,
    "count": 0
  },
  {
    "id": "8bccdf2e-ae22-42de-ae5e-afd8fb96e92a",
    "data": [
      {
        "text": "use ",
        "userDefined": false
      },
      {
        "text": "passcode",
        "alias": "passcode",
        "meta": "@sys.number",
        "userDefined": true
      },
      {
        "text": " to unlock an information",
        "userDefined": false
      }
    ],
    "isTemplate": false,
    "count": 0
  },
  {
    "id": "3ee6fb5b-2e82-439e-9daf-bda1ce97e21b",
    "data": [
      {
        "text": "yes, use ",
        "userDefined": false
      },
      {
        "text": "passcode",
        "alias": "passcode",
        "meta": "@sys.number",
        "userDefined": true
      },
      {
        "text": " to unlock the information",
        "userDefined": false
      }
    ],
    "isTemplate": false,
    "count": 0
  },
  {
    "id": "3a716aa7-83f7-4fef-a83c-4bfe19ed78c9",
    "data": [
      {
        "text": "yes, unlock my information using ",
        "userDefined": false
      },
      {
        "text": "passcode",
        "alias": "passcode",
        "meta": "@sys.number",
        "userDefined": true
      }
    ],
    "isTemplate": false,
    "count": 0
  },
  {
    "id": "598db321-ae62-4e35-9434-b06bab837b1a",
    "data": [
      {
        "text": "yes , i want to unlock an app",
        "userDefined": false
      }
    ],
    "isTemplate": false,
    "count": 0
  },
  {
    "id": "c29ab2b5-0aff-4ce8-9a28-7819c69af1e5",
    "data": [
      {
        "text": "yes, i want to unlock an information",
        "userDefined": false
      }
    ],
    "isTemplate": false,
    "count": 0
  },
  {
    "id": "60efd367-be3a-484a-ac93-bc9219e9bf26",
    "data": [
      {
        "text": "yes, can you unlock an information",
        "userDefined": false
      }
    ],
    "isTemplate": false,
    "count": 0
  },
  {
    "id": "65344a60-3ee6-49d4-b14c-d2a8538ed5f6",
    "data": [
      {
        "text": "yes, please unlock an information",
        "userDefined": false
      }
    ],
    "isTemplate": false,
    "count": 0
  },
  {
    "id": "af3d3c85-1d2d-4075-aace-63cbbce072f5",
    "data": [
      {
        "text": "i would like to unlock an information",
        "userDefined": false
      }
    ],
    "isTemplate": false,
    "count": 0
  },
  {
    "id": "1f3de367-15d7-4f20-8827-a00a85ac220a",
    "data": [
      {
        "text": "can you please unlock an information",
        "userDefined": false
      }
    ],
    "isTemplate": false,
    "count": 0
  },
  {
    "id": "9851b812-1083-4f7c-bd33-a5f7c332d65e",
    "data": [
      {
        "text": "can you please unlock the app",
        "userDefined": false
      }
    ],
    "isTemplate": false,
    "count": 0
  },
  {
    "id": "747beaa8-2c5e-40a4-b3d7-4febb56ba4a4",
    "data": [
      {
        "text": "i would like to unlock my information",
        "userDefined": false
      }
    ],
    "isTemplate": false,
    "count": 0
  },
  {
    "id": "92deca4e-d412-48f9-8826-3101f521994d",
    "data": [
      {
        "text": "i would like to unlock my app",
        "userDefined": false
      }
    ],
    "isTemplate": false,
    "count": 0
  },
  {
    "id": "44a548ad-0453-430a-9b7c-116d60e32b80",
    "data": [
      {
        "text": "i want to unlock my information",
        "userDefined": false
      }
    ],
    "isTemplate": false,
    "count": 0
  },
  {
    "id": "cade4dcd-4607-4e3c-a1c1-1e16aeea7d0e",
    "data": [
      {
        "text": "can you please unlock my app",
        "userDefined": false
      }
    ],
    "isTemplate": false,
    "count": 0
  },
  {
    "id": "8f83b66c-1109-4fac-aac9-4ab8e814a98a",
    "data": [
      {
        "text": "can you please unlock my information",
        "userDefined": false
      }
    ],
    "isTemplate": false,
    "count": 1
  },
  {
    "id": "c2f6594d-a232-4c7f-b06b-e94912131746",
    "data": [
      {
        "text": "please unlock my app",
        "userDefined": false
      }
    ],
    "isTemplate": false,
    "count": 0
  },
  {
    "id": "959fed75-c4dc-4e2e-9a4a-0301061d3456",
    "data": [
      {
        "text": "can you unlock my app using passcode",
        "userDefined": false
      }
    ],
    "isTemplate": false,
    "count": 0
  },
  {
    "id": "669adff0-5e5f-4f9c-a78a-5a9dd91ae366",
    "data": [
      {
        "text": "unlock my app using passcode",
        "userDefined": false
      }
    ],
    "isTemplate": false,
    "count": 0
  }
]