[
  {
    "id": "267bbf02-a7d8-4dcb-adfb-23f2ce73761c",
    "data": [
      {
        "text": "no lo creo",
        "userDefined": false
      }
    ],
    "isTemplate": false,
    "count": 0,
    "updated": 1497432756
  },
  {
    "id": "db6f258a-7485-472f-84c4-2e63b40087b3",
    "data": [
      {
        "text": "no me interesa",
        "userDefined": false
      }
    ],
    "isTemplate": false,
    "count": 0,
    "updated": 1497432756
  },
  {
    "id": "7fcc7fc4-a5ee-4e84-9359-bec6b4c5e73a",
    "data": [
      {
        "text": "no mucho",
        "userDefined": false
      }
    ],
    "isTemplate": false,
    "count": 0,
    "updated": 1497432756
  },
  {
    "id": "a0740eb7-fcb8-4ec1-8ca9-d3e3691e88e8",
    "data": [
      {
        "text": "no",
        "userDefined": false
      }
    ],
    "isTemplate": false,
    "count": 1,
    "updated": 1497432756
  },
  {
    "id": "422dcc5a-bd37-4995-b7fd-5b2256f757f6",
    "data": [
      {
        "text": "en absoluto",
        "userDefined": false
      }
    ],
    "isTemplate": false,
    "count": 0,
    "updated": 1497432756
  },
  {
    "id": "f1b0ad8d-9ad4-464a-840d-50a58400cd03",
    "data": [
      {
        "text": "no estoy de acuerdo",
        "userDefined": false
      }
    ],
    "isTemplate": false,
    "count": 0,
    "updated": 1497432756
  },
  {
    "id": "c0841ea5-9864-493f-99cf-d288d49e5ee4",
    "data": [
      {
        "text": "no lo quiero",
        "userDefined": false
      }
    ],
    "isTemplate": false,
    "count": 0,
    "updated": 1497432756
  },
  {
    "id": "252dd738-bf85-4841-b2eb-21c33598177b",
    "data": [
      {
        "text": "gracias pero no",
        "userDefined": false
      }
    ],
    "isTemplate": false,
    "count": 0,
    "updated": 1497432756
  },
  {
    "id": "8538c235-6611-4a00-8ad5-a69f400a3234",
    "data": [
      {
        "text": "no hacerlo",
        "userDefined": false
      }
    ],
    "isTemplate": false,
    "count": 0,
    "updated": 1497432756
  }
]