[
  {
    "id": "6403c49e-8cb4-4a34-80f6-275fe8cdc0b9",
    "data": [
      {
        "text": "no lo creo",
        "userDefined": false
      }
    ],
    "isTemplate": false,
    "count": 0,
    "updated": 1497432756
  },
  {
    "id": "3d0d390b-4c24-41c7-a713-edcf1211d605",
    "data": [
      {
        "text": "no me interesa",
        "userDefined": false
      }
    ],
    "isTemplate": false,
    "count": 0,
    "updated": 1497432756
  },
  {
    "id": "641635ed-fb30-4f0d-87ec-78c8c08984e1",
    "data": [
      {
        "text": "no mucho",
        "userDefined": false
      }
    ],
    "isTemplate": false,
    "count": 0,
    "updated": 1497432756
  },
  {
    "id": "00fd182a-0afb-4ddf-a88c-e9af7b4b1277",
    "data": [
      {
        "text": "no",
        "userDefined": false
      }
    ],
    "isTemplate": false,
    "count": 1,
    "updated": 1497432756
  },
  {
    "id": "82a1ca10-5ca9-4eb2-afa9-5ed7ce2aa557",
    "data": [
      {
        "text": "en absoluto",
        "userDefined": false
      }
    ],
    "isTemplate": false,
    "count": 0,
    "updated": 1497432756
  },
  {
    "id": "94acea3b-a524-4af0-a8e6-fc47707d71fc",
    "data": [
      {
        "text": "no estoy de acuerdo",
        "userDefined": false
      }
    ],
    "isTemplate": false,
    "count": 0,
    "updated": 1497432756
  },
  {
    "id": "bf379bb0-69c6-4a4e-a667-cac375acf9ca",
    "data": [
      {
        "text": "no lo quiero",
        "userDefined": false
      }
    ],
    "isTemplate": false,
    "count": 0,
    "updated": 1497432756
  },
  {
    "id": "7224dc26-42c9-4a4c-8555-3e5e08cd1e46",
    "data": [
      {
        "text": "gracias pero no",
        "userDefined": false
      }
    ],
    "isTemplate": false,
    "count": 0,
    "updated": 1497432756
  },
  {
    "id": "1ccf0721-2e94-41de-b02b-7a1ed8345047",
    "data": [
      {
        "text": "no hacerlo",
        "userDefined": false
      }
    ],
    "isTemplate": false,
    "count": 0,
    "updated": 1497432756
  }
]