[
  {
    "id": "a4d4dfae-ab19-4e7a-a58d-46669bce6010",
    "data": [
      {
        "text": "okay, do it using ",
        "userDefined": false
      },
      {
        "text": "passcode",
        "alias": "passcode",
        "meta": "@sys.number",
        "userDefined": true
      }
    ],
    "isTemplate": false,
    "count": 0
  },
  {
    "id": "10c20edb-cd0b-46cd-a7dd-e2b43f6210fe",
    "data": [
      {
        "text": "unlock the app using ",
        "userDefined": false
      },
      {
        "text": "passcode",
        "alias": "passcode",
        "meta": "@sys.number",
        "userDefined": true
      }
    ],
    "isTemplate": false,
    "count": 0
  },
  {
    "id": "817a5ee6-2e7b-497d-b401-8259d3b48dd4",
    "data": [
      {
        "text": "use ",
        "userDefined": false
      },
      {
        "text": "passcode",
        "alias": "passcode",
        "meta": "@sys.number",
        "userDefined": true
      },
      {
        "text": " to unlock the app",
        "userDefined": false
      }
    ],
    "isTemplate": false,
    "count": 0
  },
  {
    "id": "91381af3-63a5-4c49-949a-7a418d33c6b9",
    "data": [
      {
        "text": "please unlock the app using ",
        "userDefined": false
      },
      {
        "text": "passcode",
        "alias": "passcode",
        "meta": "@sys.number",
        "userDefined": true
      }
    ],
    "isTemplate": false,
    "count": 1
  },
  {
    "id": "bb804eb7-bbd2-4ce7-9924-22c8043ccd1c",
    "data": [
      {
        "text": "unlock it for me",
        "userDefined": false
      }
    ],
    "isTemplate": false,
    "count": 0
  },
  {
    "id": "bc550bf5-4ce2-4808-bdb7-b1403dfe1591",
    "data": [
      {
        "text": "you can unlock it",
        "userDefined": false
      }
    ],
    "isTemplate": false,
    "count": 0
  },
  {
    "id": "6a440dc7-5800-420f-b6e2-eedfd143280c",
    "data": [
      {
        "text": "yes, i want to unlock it",
        "userDefined": false
      }
    ],
    "isTemplate": false,
    "count": 0
  },
  {
    "id": "a1c4fc28-0d22-4d22-bde0-ba37fd055e6a",
    "data": [
      {
        "text": "okay, unlock it",
        "userDefined": false
      }
    ],
    "isTemplate": false,
    "count": 0
  },
  {
    "id": "c5a1c87e-635b-4c47-b8b7-52073635fe73",
    "data": [
      {
        "text": "unlock it",
        "userDefined": false
      }
    ],
    "isTemplate": false,
    "count": 0
  },
  {
    "id": "775876f3-ac98-472f-b511-0c180a594ac6",
    "data": [
      {
        "text": "okay",
        "userDefined": false
      }
    ],
    "isTemplate": false,
    "count": 0
  },
  {
    "id": "db582d8f-fd73-4d4c-abff-d9cdf9c2defe",
    "data": [
      {
        "text": "please unlock it",
        "userDefined": false
      }
    ],
    "isTemplate": false,
    "count": 0
  },
  {
    "id": "7abfa0e5-aaae-4fbe-9060-ca56f7a8354b",
    "data": [
      {
        "text": "sure",
        "userDefined": false
      }
    ],
    "isTemplate": false,
    "count": 0
  },
  {
    "id": "a141050b-8428-40ea-ae86-f8f18ac90193",
    "data": [
      {
        "text": "yes",
        "userDefined": false
      }
    ],
    "isTemplate": false,
    "count": 1
  },
  {
    "id": "b1b30762-ab37-4e45-85c5-13a4ecc97189",
    "data": [
      {
        "text": "yes, unlock it",
        "userDefined": false
      }
    ],
    "isTemplate": false,
    "count": 0
  }
]