[
  {
    "id": "18770ff4-946e-4d41-b48a-83674f4a54e1",
    "data": [
      {
        "text": "sí",
        "userDefined": false
      }
    ],
    "isTemplate": false,
    "count": 0,
    "updated": 1497432757
  },
  {
    "id": "a68d5373-9517-4a76-827a-fb2d6878dc9f",
    "data": [
      {
        "text": "por supuesto",
        "userDefined": false
      }
    ],
    "isTemplate": false,
    "count": 0,
    "updated": 1497432757
  },
  {
    "id": "39561113-18c6-4c3f-a997-d371011a56bd",
    "data": [
      {
        "text": "de acuerdo",
        "userDefined": false
      }
    ],
    "isTemplate": false,
    "count": 0,
    "updated": 1497432757
  },
  {
    "id": "282d5312-7bac-4c22-83b7-a59b87621590",
    "data": [
      {
        "text": "buena idea",
        "userDefined": false
      }
    ],
    "isTemplate": false,
    "count": 0,
    "updated": 1497432757
  },
  {
    "id": "2e0c3022-06b2-4c20-90fc-d7f165b8cdca",
    "data": [
      {
        "text": "confirmar",
        "userDefined": false
      }
    ],
    "isTemplate": false,
    "count": 0,
    "updated": 1497432757
  },
  {
    "id": "4125fa15-f363-43a2-92c4-8b83a2221757",
    "data": [
      {
        "text": "adelante",
        "userDefined": false
      }
    ],
    "isTemplate": false,
    "count": 0,
    "updated": 1497432757
  },
  {
    "id": "b5715f99-2ffc-4ea9-878c-5302853863c0",
    "data": [
      {
        "text": "correcto",
        "userDefined": false
      }
    ],
    "isTemplate": false,
    "count": 0,
    "updated": 1497432757
  },
  {
    "id": "9b66ae00-e575-432a-b3fb-9ef8b14c2bc7",
    "data": [
      {
        "text": "claro que sí",
        "userDefined": false
      }
    ],
    "isTemplate": false,
    "count": 0,
    "updated": 1497432757
  },
  {
    "id": "39cf6d20-d54a-4a07-bd01-e36c33ed7cf1",
    "data": [
      {
        "text": "eso mismo",
        "userDefined": false
      }
    ],
    "isTemplate": false,
    "count": 0,
    "updated": 1497432757
  }
]