[
  {
    "value": "wife\u0027s contact number",
    "synonyms": [
      "wife\u0027s contact number",
      "partner\u0027s contact number",
      "wife\u0027s number",
      "partner\u0027s number",
      "better half\u0027s number",
      "better half\u0027s contact number"
    ]
  },
  {
    "value": "father\u0027s contact number",
    "synonyms": [
      "father\u0027s contact number",
      "dad\u0027s contact number",
      "dad\u0027s number",
      "father\u0027s number"
    ]
  },
  {
    "value": "my contact number",
    "synonyms": [
      "my contact number",
      "my number",
      "my contact"
    ]
  },
  {
    "value": "mother\u0027s contact number",
    "synonyms": [
      "mother\u0027s contact number",
      "mother\u0027s number",
      "mom\u0027s contact number",
      "mom\u0027s number"
    ]
  },
  {
    "value": "wife\u0027 s email address",
    "synonyms": [
      "wife\u0027 s email address",
      "partner\u0027s mail address",
      "partner\u0027s email address",
      "wife\u0027s mail address"
    ]
  }
]